CustomerID,Recency,Frequency,Monetary,R_Score,F_Score,M_Score,RFM_Score,Cluster,Segment
12346,326,1,77183.6,1,1,5,7,2,Loyal Customers
12747,2,11,4196.01,5,4,5,14,1,Champions
12748,1,209,32448.84,5,4,5,14,1,Champions
12749,4,5,4090.88,5,3,5,13,1,Champions
12820,3,4,942.34,5,3,4,12,3,Potential Loyalists
12821,214,1,92.72,1,1,1,3,0,At Risk
12822,71,2,948.88,3,1,4,8,2,Loyal Customers
12823,75,5,1759.5,2,3,4,9,2,Loyal Customers
12824,60,1,397.12,3,1,2,6,0,At Risk
12826,3,7,1474.72,5,4,4,13,1,Champions
12827,6,3,430.15,5,2,2,9,3,Potential Loyalists
12828,3,6,1018.71,5,3,4,12,1,Champions
12829,337,2,293.0,1,1,2,4,0,At Risk
12830,38,6,6814.64,3,3,5,11,2,Loyal Customers
12831,262,1,215.05,1,1,1,3,0,At Risk
12832,32,2,383.03000000000003,4,1,2,7,3,Potential Loyalists
12833,145,1,417.38,2,1,2,5,0,At Risk
12834,283,1,312.38,1,1,2,4,0,At Risk
12836,59,4,2597.76,3,3,5,11,2,Loyal Customers
12837,173,1,134.1,2,1,1,4,0,At Risk
12838,34,2,648.23,3,1,3,7,3,Potential Loyalists
12839,3,14,5576.52,5,4,5,14,1,Champions
12840,144,4,2726.77,2,3,5,10,2,Loyal Customers
12841,5,25,3982.83,5,4,5,14,1,Champions
12842,70,2,1118.99,3,1,4,8,2,Loyal Customers
12843,66,8,1674.3700000000001,3,4,4,11,2,Loyal Customers
12844,29,2,317.41,4,1,2,7,3,Potential Loyalists
12845,267,4,354.09000000000003,1,3,2,6,0,At Risk
12847,22,1,757.98,4,1,3,8,3,Potential Loyalists
12849,31,2,997.69,4,1,4,9,2,Loyal Customers
12851,97,1,126.16,2,1,1,4,0,At Risk
12852,295,1,311.55,1,1,2,4,0,At Risk
12853,135,6,1957.1000000000001,2,3,5,10,2,Loyal Customers
12854,79,3,1305.85,2,2,4,8,2,Loyal Customers
12855,373,1,38.1,1,1,1,3,0,At Risk
12856,8,6,2112.33,5,3,5,13,1,Champions
12857,211,2,1106.4,1,1,4,6,2,Loyal Customers
12863,52,1,521.2,3,1,3,7,0,At Risk
12864,138,1,147.12,2,1,1,4,0,At Risk
12867,26,7,3936.71,4,4,5,13,1,Champions
12868,186,6,1607.0600000000002,1,3,4,8,2,Loyal Customers
12871,84,2,380.64,2,1,2,5,0,At Risk
12872,327,2,599.97,1,1,3,5,0,At Risk
12873,282,1,374.0,1,1,2,4,0,At Risk
12875,143,2,343.2300000000001,2,1,2,5,0,At Risk
12877,4,12,1535.77,5,4,4,13,1,Champions
12878,236,2,854.99,1,1,3,5,0,At Risk
12879,45,3,573.22,3,2,3,8,2,Loyal Customers
12881,276,1,298.0,1,1,2,4,0,At Risk
12882,9,2,1463.04,5,1,4,10,3,Potential Loyalists
12883,25,4,703.47,4,3,3,10,2,Loyal Customers
12884,88,1,309.05,2,1,2,5,0,At Risk
12885,63,3,1175.22,3,2,4,9,2,Loyal Customers
12886,68,2,1378.4,3,1,4,8,2,Loyal Customers
12888,214,2,354.12,1,1,2,4,0,At Risk
12890,24,1,375.07,4,1,2,7,3,Potential Loyalists
12891,186,3,331.0,1,2,2,5,0,At Risk
12893,31,1,149.2,4,1,1,6,3,Potential Loyalists
12895,42,2,372.8,3,1,2,6,3,Potential Loyalists
12897,205,2,216.5,1,1,1,3,0,At Risk
12901,9,28,17654.54,5,4,5,14,1,Champions
12902,265,1,138.68,1,1,1,3,0,At Risk
12904,18,2,479.81,4,1,3,8,3,Potential Loyalists
12906,12,5,2919.81,5,3,5,13,1,Champions
12908,176,2,750.0,2,1,3,6,0,At Risk
12909,40,5,2163.82,3,3,5,11,2,Loyal Customers
12910,23,8,3075.04,4,4,5,13,1,Champions
12912,3,5,1662.3,5,3,4,12,1,Champions
12913,5,5,2483.63,5,3,5,13,1,Champions
12915,149,2,363.65,2,1,2,5,0,At Risk
12916,139,4,2861.95,2,3,5,10,2,Loyal Customers
12917,128,1,594.0,2,1,3,6,0,At Risk
12919,8,6,1335.19,5,3,4,12,1,Champions
12920,17,1,162.78,4,1,1,6,3,Potential Loyalists
12921,9,37,16587.09,5,4,5,14,1,Champions
12922,161,1,405.38,2,1,2,5,0,At Risk
12923,64,1,172.82,3,1,1,5,0,At Risk
12924,88,4,788.14,2,3,3,8,2,Loyal Customers
12925,5,2,694.05,5,1,3,9,3,Potential Loyalists
12928,35,5,2062.7,3,3,5,11,2,Loyal Customers
12929,312,1,117.85,1,1,1,3,0,At Risk
12930,78,2,415.8,2,1,2,5,0,At Risk
12931,22,15,41260.76,4,4,5,13,1,Champions
12933,24,3,600.03,4,2,3,9,3,Potential Loyalists
12935,2,7,2160.7,5,4,5,14,1,Champions
12936,17,4,1063.9,4,3,4,11,2,Loyal Customers
12937,15,4,1504.27,4,3,4,11,2,Loyal Customers
12938,26,1,114.14,4,1,1,6,3,Potential Loyalists
12939,64,8,11581.8,3,4,5,12,1,Champions
12940,55,2,884.69,3,1,3,7,2,Loyal Customers
12942,131,3,675.6,2,2,3,7,2,Loyal Customers
12944,36,2,604.51,3,1,3,7,3,Potential Loyalists
12945,288,1,462.95,1,1,3,5,0,At Risk
12947,144,6,1603.99,2,3,4,9,2,Loyal Customers
12948,16,7,2064.95,4,4,5,13,1,Champions
12949,31,8,4167.22,4,4,5,13,1,Champions
12950,2,3,1843.0,5,2,4,11,3,Potential Loyalists
12951,9,6,1064.07,5,3,4,12,1,Champions
12952,6,4,1387.79,5,3,4,12,3,Potential Loyalists
12953,10,1,329.85,5,1,2,8,3,Potential Loyalists
12955,1,11,4757.16,5,4,5,14,1,Champions
12956,306,1,108.07,1,1,1,3,0,At Risk
12957,10,8,4017.54,5,4,5,14,1,Champions
12962,7,2,266.39,5,1,2,8,3,Potential Loyalists
12963,8,8,1856.63,5,4,4,13,1,Champions
12965,89,1,769.8100000000001,2,1,3,6,0,At Risk
12966,10,1,160.18,5,1,1,7,3,Potential Loyalists
12967,358,2,1660.9,1,1,4,6,2,Loyal Customers
12968,112,1,135.95,2,1,1,4,0,At Risk
12970,7,4,376.73,5,3,2,10,3,Potential Loyalists
12971,4,86,11189.91,5,4,5,14,1,Champions
12974,198,1,144.8,1,1,1,3,0,At Risk
12976,212,1,738.6,1,1,3,5,0,At Risk
12977,156,1,39.239999999999995,2,1,1,4,0,At Risk
12980,158,9,7374.900000000001,2,4,5,11,2,Loyal Customers
12981,30,2,372.21999999999997,4,1,2,7,3,Potential Loyalists
12982,243,1,390.54,1,1,2,4,0,At Risk
12984,19,1,97.5,4,1,1,6,3,Potential Loyalists
12985,1,2,1239.38,5,1,4,10,3,Potential Loyalists
12987,74,2,558.7,2,1,3,6,0,At Risk
12988,292,1,476.42,1,1,3,5,0,At Risk
12989,3,15,6924.11,5,4,5,14,1,Champions
12990,31,3,409.5,4,2,2,8,3,Potential Loyalists
12991,23,2,503.76,4,1,3,8,3,Potential Loyalists
12993,23,4,414.76,4,3,2,9,3,Potential Loyalists
12994,4,3,974.42,5,2,4,11,3,Potential Loyalists
12995,85,1,211.32,2,1,1,4,0,At Risk
12997,22,4,1226.89,4,3,4,11,2,Loyal Customers
12999,196,3,455.88,1,2,2,5,0,At Risk
13000,107,3,534.85,2,2,3,7,2,Loyal Customers
13001,4,13,9708.78,5,4,5,14,1,Champions
13002,318,1,120.95,1,1,1,3,0,At Risk
13003,106,3,149.05,2,2,1,5,0,At Risk
13004,12,18,5655.91,5,4,5,14,1,Champions
13005,174,2,513.7,2,1,3,6,0,At Risk
13006,56,1,81.57,3,1,1,5,0,At Risk
13008,323,1,229.47,1,1,1,3,0,At Risk
13011,372,1,50.550000000000004,1,1,1,3,0,At Risk
13012,9,8,1646.8400000000001,5,4,4,13,1,Champions
13013,1,13,4810.9400000000005,5,4,5,14,1,Champions
13014,11,10,3466.28,5,4,5,14,1,Champions
13015,53,5,3339.64,3,3,5,11,2,Loyal Customers
13016,73,3,789.89,2,2,3,7,2,Loyal Customers
13017,7,1,204.0,5,1,1,7,3,Potential Loyalists
13018,16,28,7277.7,4,4,5,13,1,Champions
13021,4,9,2616.38,5,4,5,14,1,Champions
13023,64,2,689.9,3,1,3,7,2,Loyal Customers
13026,1,5,975.36,5,3,4,12,1,Champions
13027,114,6,6912.0,2,3,5,10,2,Loyal Customers
13028,23,2,661.3199999999999,4,1,3,8,3,Potential Loyalists
13029,31,3,1247.5,4,2,4,10,2,Loyal Customers
13030,11,2,633.96,5,1,3,9,3,Potential Loyalists
13032,52,2,1010.1800000000001,3,1,4,8,2,Loyal Customers
13033,357,1,190.55,1,1,1,3,0,At Risk
13034,55,2,642.77,3,1,3,7,2,Loyal Customers
13035,74,2,921.88,2,1,4,7,2,Loyal Customers
13037,138,3,881.07,2,2,3,7,2,Loyal Customers
13038,80,3,908.46,2,2,4,8,2,Loyal Customers
13040,9,2,676.99,5,1,3,9,3,Potential Loyalists
13043,273,1,516.42,1,1,3,5,0,At Risk
13044,291,1,560.47,1,1,3,5,0,At Risk
13045,99,1,305.28000000000003,2,1,2,5,0,At Risk
13046,31,2,629.31,4,1,3,8,3,Potential Loyalists
13047,32,10,3237.54,4,4,5,13,1,Champions
13048,14,4,1810.91,4,3,4,11,2,Loyal Customers
13049,64,2,656.6800000000001,3,1,3,7,2,Loyal Customers
13050,15,17,5829.33,4,4,5,13,1,Champions
13052,212,1,348.15000000000003,1,1,2,4,0,At Risk
13055,78,3,1214.41,2,2,4,8,2,Loyal Customers
13058,25,3,271.40000000000003,4,2,2,8,3,Potential Loyalists
13059,250,1,183.4,1,1,1,3,0,At Risk
13060,254,1,307.53000000000003,1,1,2,4,0,At Risk
13061,72,1,248.61,2,1,2,5,0,At Risk
13062,191,1,346.98,1,1,2,4,0,At Risk
13064,13,4,1100.64,5,3,4,12,2,Loyal Customers
13065,373,1,205.86,1,1,1,3,0,At Risk
13066,24,2,470.8,4,1,3,8,3,Potential Loyalists
13067,82,1,99.56,2,1,1,4,0,At Risk
13068,10,2,344.0,5,1,2,8,3,Potential Loyalists
13069,1,24,4415.65,5,4,5,14,1,Champions
13070,192,1,228.8,1,1,1,3,0,At Risk
13072,267,1,177.15,1,1,1,3,0,At Risk
13075,130,1,919.61,2,1,4,7,0,At Risk
13077,1,4,728.02,5,3,3,11,3,Potential Loyalists
13078,3,26,12627.94,5,4,5,14,1,Champions
13079,4,5,220.10000000000002,5,3,1,9,3,Potential Loyalists
13080,179,1,58.08,1,1,1,3,0,At Risk
13081,12,11,28337.38,5,4,5,14,1,Champions
13082,126,9,3613.63,2,4,5,11,2,Loyal Customers
13083,4,2,303.75,5,1,2,8,3,Potential Loyalists
13085,158,2,416.08,2,1,2,5,0,At Risk
13089,3,97,58682.28,5,4,5,14,1,Champions
13090,9,14,8910.82,5,4,5,14,1,Champions
13091,28,1,345.82,4,1,2,7,3,Potential Loyalists
13092,71,5,477.83,3,3,3,9,2,Loyal Customers
13093,276,8,7832.47,1,4,5,10,2,Loyal Customers
13094,21,12,1927.3200000000002,4,4,4,12,1,Champions
13095,71,1,74.39999999999999,3,1,1,5,0,At Risk
13097,33,10,5946.17,4,4,5,13,1,Champions
13098,1,28,28882.44,5,4,5,14,1,Champions
13099,99,1,207.36,2,1,1,4,0,At Risk
13101,234,1,101.19,1,1,1,3,0,At Risk
13102,1,24,6424.09,5,4,5,14,1,Champions
13103,40,1,243.94,3,1,2,6,3,Potential Loyalists
13104,3,6,1098.48,5,3,4,12,1,Champions
13106,133,1,76.5,2,1,1,4,0,At Risk
13107,44,4,1531.6200000000001,3,3,4,10,2,Loyal Customers
13108,373,1,350.06,1,1,2,4,0,At Risk
13109,60,2,786.54,3,1,3,7,2,Loyal Customers
13110,31,7,1487.22,4,4,4,12,2,Loyal Customers
13113,1,24,12241.01,5,4,5,14,1,Champions
13115,12,4,2294.78,5,3,5,13,2,Loyal Customers
13116,138,1,501.14,2,1,3,6,0,At Risk
13117,22,8,984.91,4,4,4,12,2,Loyal Customers
13118,20,5,1197.81,4,3,4,11,2,Loyal Customers
13120,239,1,30.6,1,1,1,3,0,At Risk
13121,269,1,283.73,1,1,2,4,0,At Risk
13122,94,2,922.39,2,1,4,7,2,Loyal Customers
13124,90,3,3708.73,2,2,5,9,2,Loyal Customers
13126,5,8,2099.64,5,4,5,14,1,Champions
13127,78,1,259.17,2,1,2,5,0,At Risk
13130,94,1,64.0,2,1,1,4,0,At Risk
13131,23,3,1073.3,4,2,4,10,2,Loyal Customers
13132,262,1,77.3,1,1,1,3,0,At Risk
13133,274,2,109.8,1,1,1,3,0,At Risk
13134,86,4,1793.58,2,3,4,9,2,Loyal Customers
13135,197,1,3096.0,1,1,5,7,2,Loyal Customers
13136,56,5,2607.61,3,3,5,11,2,Loyal Customers
13137,11,8,3392.72,5,4,5,14,1,Champions
13138,22,6,962.39,4,3,4,11,2,Loyal Customers
13139,16,7,5064.9400000000005,4,4,5,13,1,Champions
13140,108,3,422.47,2,2,2,6,0,At Risk
13141,85,5,2388.75,2,3,5,10,2,Loyal Customers
13142,19,1,307.09000000000003,4,1,2,7,3,Potential Loyalists
13144,333,1,110.95,1,1,1,3,0,At Risk
13145,40,4,618.52,3,3,3,9,2,Loyal Customers
13146,26,1,222.41,4,1,1,6,3,Potential Loyalists
13147,10,4,712.8,5,3,3,11,3,Potential Loyalists
13148,29,12,3635.03,4,4,5,13,1,Champions
13149,14,4,1676.06,4,3,4,11,2,Loyal Customers
13151,296,1,1248.57,1,1,4,6,0,At Risk
13153,6,1,486.22,5,1,3,9,3,Potential Loyalists
13155,33,4,965.86,4,3,4,11,2,Loyal Customers
13157,49,4,1741.22,3,3,4,10,2,Loyal Customers
13158,95,4,1201.06,2,3,4,9,2,Loyal Customers
13159,9,4,1428.1,5,3,4,12,2,Loyal Customers
13160,22,1,91.8,4,1,1,6,3,Potential Loyalists
13161,313,1,112.75,1,1,1,3,0,At Risk
13162,122,4,1688.29,2,3,4,9,2,Loyal Customers
13165,46,2,1021.48,3,1,4,8,2,Loyal Customers
13166,283,1,399.15,1,1,2,4,0,At Risk
13167,19,4,791.33,4,3,3,10,2,Loyal Customers
13168,36,4,1292.01,3,3,4,10,2,Loyal Customers
13169,64,2,712.88,3,1,3,7,2,Loyal Customers
13170,27,1,107.64,4,1,1,6,3,Potential Loyalists
13171,22,3,468.41,4,2,3,9,3,Potential Loyalists
13173,4,2,353.65000000000003,5,1,2,8,3,Potential Loyalists
13174,16,3,2567.85,4,2,5,11,2,Loyal Customers
13176,46,1,479.83,3,1,3,7,3,Potential Loyalists
13177,65,1,282.45,3,1,2,6,0,At Risk
13178,26,11,5725.47,4,4,5,13,1,Champions
13182,45,1,121.18,3,1,1,5,0,At Risk
13183,8,9,3957.78,5,4,5,14,1,Champions
13184,15,10,1666.63,4,4,4,12,1,Champions
13185,268,1,71.4,1,1,1,3,0,At Risk
13186,40,3,1575.89,3,2,4,9,2,Loyal Customers
13187,337,1,236.02,1,1,1,3,0,At Risk
13188,11,1,114.6,5,1,1,7,3,Potential Loyalists
13189,19,2,260.68,4,1,2,7,3,Potential Loyalists
13192,95,2,911.94,2,1,4,7,2,Loyal Customers
13193,61,1,104.23,3,1,1,5,0,At Risk
13194,136,1,60.7,2,1,1,4,0,At Risk
13196,11,4,1797.78,5,3,4,12,2,Loyal Customers
13198,10,6,3401.2400000000002,5,3,5,13,1,Champions
13199,4,38,9817.12,5,4,5,14,1,Champions
13200,19,4,870.09,4,3,3,10,2,Loyal Customers
13203,10,4,869.46,5,3,3,11,3,Potential Loyalists
13207,15,2,250.26000000000002,4,1,2,7,3,Potential Loyalists
13208,59,6,1203.08,3,3,4,10,2,Loyal Customers
13209,30,8,5861.01,4,4,5,13,1,Champions
13210,94,1,353.48,2,1,2,5,0,At Risk
13211,10,3,1088.92,5,2,4,11,3,Potential Loyalists
13212,20,3,783.53,4,2,3,9,3,Potential Loyalists
13213,57,5,1520.58,3,3,4,10,2,Loyal Customers
13216,268,1,333.74,1,1,2,4,0,At Risk
13217,122,3,533.98,2,2,3,7,2,Loyal Customers
13218,127,1,62.64,2,1,1,4,0,At Risk
13220,78,4,819.2900000000001,2,3,3,8,2,Loyal Customers
13221,240,2,847.41,1,1,3,5,0,At Risk
13223,200,2,163.2,1,1,1,3,0,At Risk
13224,60,2,2155.95,3,1,5,9,2,Loyal Customers
13225,3,7,6463.84,5,4,5,14,1,Champions
13226,273,1,108.21000000000001,1,1,1,3,0,At Risk
13227,202,1,257.7,1,1,2,4,0,At Risk
13228,81,1,358.0,2,1,2,5,0,At Risk
13229,226,1,160.95,1,1,1,3,0,At Risk
13230,4,14,2709.9900000000002,5,4,5,14,1,Champions
13232,13,7,1322.3,5,4,4,13,1,Champions
13233,74,2,605.12,2,1,3,6,2,Loyal Customers
13235,212,1,973.1700000000001,1,1,4,6,0,At Risk
13236,24,2,744.85,4,1,3,8,3,Potential Loyalists
13238,17,4,700.73,4,3,3,10,3,Potential Loyalists
13239,262,1,329.56,1,1,2,4,0,At Risk
13240,96,4,651.8000000000001,2,3,3,8,2,Loyal Customers
13242,112,3,270.40000000000003,2,2,2,6,0,At Risk
13243,203,1,578.32,1,1,3,5,0,At Risk
13244,93,1,121.74000000000001,2,1,1,4,0,At Risk
13245,51,1,430.5,3,1,2,6,0,At Risk
13246,18,6,1945.02,4,3,5,12,2,Loyal Customers
13247,18,4,501.12,4,3,3,10,3,Potential Loyalists
13248,125,2,465.68,2,1,3,6,0,At Risk
13249,92,3,711.41,2,2,3,7,2,Loyal Customers
13253,157,2,1030.4,2,1,4,7,2,Loyal Customers
13255,9,2,399.51,5,1,2,8,3,Potential Loyalists
13258,12,3,665.88,5,2,3,10,3,Potential Loyalists
13259,62,1,266.95,3,1,2,6,0,At Risk
13260,61,1,557.62,3,1,3,7,0,At Risk
13261,269,2,944.1,1,1,4,6,0,At Risk
13262,263,1,200.29,1,1,1,3,0,At Risk
13263,1,35,7298.93,5,4,5,14,1,Champions
13265,53,5,2092.66,3,3,5,11,2,Loyal Customers
13266,11,12,3834.2599999999998,5,4,5,14,1,Champions
13267,3,19,4521.49,5,4,5,14,1,Champions
13268,18,11,3144.15,4,4,5,13,1,Champions
13269,1,15,5341.63,5,4,5,14,1,Champions
13270,366,1,590.0,1,1,3,5,0,At Risk
13271,37,1,183.82,3,1,1,5,3,Potential Loyalists
13272,31,2,276.56,4,1,2,7,3,Potential Loyalists
13273,113,1,138.98,2,1,1,4,0,At Risk
13276,64,2,590.9300000000001,3,1,3,7,2,Loyal Customers
13277,16,4,258.4,4,3,2,9,3,Potential Loyalists
13278,41,1,542.73,3,1,3,7,3,Potential Loyalists
13279,78,1,137.75,2,1,1,4,0,At Risk
13280,122,3,787.16,2,2,3,7,2,Loyal Customers
13282,18,3,1132.14,4,2,4,10,2,Loyal Customers
13283,60,2,93.66,3,1,1,5,0,At Risk
13284,331,1,201.19,1,1,1,3,0,At Risk
13285,23,4,2709.12,4,3,5,12,2,Loyal Customers
13291,156,1,358.59,2,1,2,5,0,At Risk
13292,39,2,578.94,3,1,3,7,3,Potential Loyalists
13294,190,2,873.74,1,1,3,5,0,At Risk
13295,360,1,201.20000000000002,1,1,1,3,0,At Risk
13296,137,1,87.4,2,1,1,4,0,At Risk
13297,8,4,2089.85,5,3,5,13,1,Champions
13298,1,1,360.0,5,1,2,8,3,Potential Loyalists
13299,268,1,142.5,1,1,1,3,0,At Risk
13300,169,1,371.89,2,1,2,5,0,At Risk
13301,104,4,618.09,2,3,3,8,2,Loyal Customers
13302,155,1,63.75,2,1,1,4,0,At Risk
13304,351,1,300.42,1,1,2,4,0,At Risk
13305,4,10,2000.86,5,4,5,14,1,Champions
13307,120,1,15.0,2,1,1,4,0,At Risk
13308,23,3,1385.51,4,2,4,10,2,Loyal Customers
13309,7,5,1456.79,5,3,4,12,1,Champions
13310,28,3,1132.03,4,2,4,10,2,Loyal Customers
13311,4,2,598.57,5,1,3,9,3,Potential Loyalists
13313,22,5,1555.3200000000002,4,3,4,11,2,Loyal Customers
13314,2,3,761.09,5,2,3,10,3,Potential Loyalists
13316,37,4,5732.93,3,3,5,11,2,Loyal Customers
13317,66,6,2273.68,3,3,5,11,2,Loyal Customers
13318,1,3,640.76,5,2,3,10,3,Potential Loyalists
13319,5,26,10845.550000000001,5,4,5,14,1,Champions
13320,78,4,1532.2,2,3,4,9,2,Loyal Customers
13321,72,2,567.36,2,1,3,6,0,At Risk
13322,17,1,199.48000000000002,4,1,1,6,3,Potential Loyalists
13323,3,5,787.85,5,3,3,11,3,Potential Loyalists
13324,36,10,7121.95,3,4,5,12,1,Champions
13325,82,1,675.3,2,1,3,6,0,At Risk
13327,39,8,3627.77,3,4,5,12,2,Loyal Customers
13328,316,1,1308.48,1,1,4,6,0,At Risk
13329,32,2,789.0,4,1,3,8,3,Potential Loyalists
13330,93,3,1140.93,2,2,4,8,2,Loyal Customers
13332,14,1,350.90000000000003,4,1,2,7,3,Potential Loyalists
13334,82,3,3447.37,2,2,5,9,2,Loyal Customers
13336,77,1,795.12,2,1,3,6,0,At Risk
13338,158,1,487.02,2,1,3,6,0,At Risk
13339,201,1,860.12,1,1,3,5,0,At Risk
13340,45,7,10736.48,3,4,5,12,1,Champions
13341,261,1,775.85,1,1,3,5,0,At Risk
13343,178,1,353.43,2,1,2,5,0,At Risk
13344,68,3,2511.69,3,2,5,10,2,Loyal Customers
13345,288,1,389.5,1,1,2,4,0,At Risk
13347,70,1,341.36,3,1,2,6,0,At Risk
13348,64,1,233.76000000000002,3,1,1,5,0,At Risk
13349,11,1,247.32,5,1,2,8,3,Potential Loyalists
13350,16,2,979.12,4,1,4,9,3,Potential Loyalists
13351,66,1,373.94,3,1,2,6,0,At Risk
13352,60,1,397.98,3,1,2,6,0,At Risk
13354,71,1,743.53,3,1,3,7,0,At Risk
13355,122,1,674.7,2,1,3,6,0,At Risk
13356,80,1,768.24,2,1,3,6,0,At Risk
13357,257,1,584.9,1,1,3,5,0,At Risk
13358,269,1,439.03000000000003,1,1,2,4,0,At Risk
13359,64,1,439.56,3,1,2,6,0,At Risk
13362,9,4,3090.7400000000002,5,3,5,13,1,Champions
13363,18,2,992.5,4,1,4,9,3,Potential Loyalists
13364,71,1,134.96,3,1,1,5,0,At Risk
13365,34,2,2225.37,3,1,5,9,2,Loyal Customers
13366,50,1,56.16,3,1,1,5,0,At Risk
13368,257,2,623.4,1,1,3,5,0,At Risk
13369,366,1,308.28000000000003,1,1,2,4,0,At Risk
13370,372,1,754.87,1,1,3,5,0,At Risk
13372,90,1,378.64,2,1,2,5,0,At Risk
13373,61,3,3312.25,3,2,5,10,2,Loyal Customers
13375,89,1,778.65,2,1,3,6,0,At Risk
13376,99,3,1019.76,2,2,4,8,2,Loyal Customers
13379,26,3,555.72,4,2,3,9,3,Potential Loyalists
13381,32,6,3639.31,4,3,5,12,2,Loyal Customers
13382,281,1,222.99,1,1,1,3,0,At Risk
13384,31,7,4151.93,4,4,5,13,1,Champions
13385,330,1,534.57,1,1,3,5,0,At Risk
13388,131,2,677.1,2,1,3,6,0,At Risk
13389,11,3,797.96,5,2,3,10,3,Potential Loyalists
13390,75,1,544.08,2,1,3,6,0,At Risk
13391,204,1,59.8,1,1,1,3,0,At Risk
13394,2,8,2520.02,5,4,5,14,1,Champions
13395,185,1,307.72,1,1,2,4,0,At Risk
13396,29,2,1360.99,4,1,4,9,2,Loyal Customers
13397,73,5,1544.13,2,3,4,9,2,Loyal Customers
13398,192,1,457.34000000000003,1,1,2,4,0,At Risk
13402,127,2,621.23,2,1,3,6,0,At Risk
13403,18,1,75.0,4,1,1,6,3,Potential Loyalists
13404,1,2,252.49,5,1,2,8,3,Potential Loyalists
13405,74,3,572.45,2,2,3,7,2,Loyal Customers
13408,2,62,28117.04,5,4,5,14,1,Champions
13410,24,5,1003.06,4,3,4,11,2,Loyal Customers
13411,107,1,209.8,2,1,1,4,0,At Risk
13414,134,3,1390.5,2,2,4,8,2,Loyal Customers
13416,44,2,712.5,3,1,3,7,2,Loyal Customers
13417,5,2,640.83,5,1,3,9,3,Potential Loyalists
13418,12,18,6127.43,5,4,5,14,1,Champions
13419,64,1,221.06,3,1,1,5,0,At Risk
13420,150,2,159.85,2,1,1,4,0,At Risk
13421,40,2,1794.11,3,1,4,8,2,Loyal Customers
13422,64,1,2626.3,3,1,5,9,2,Loyal Customers
13425,108,3,1624.21,2,2,4,8,2,Loyal Customers
13426,1,10,3641.32,5,4,5,14,1,Champions
13427,19,3,582.6,4,2,3,9,3,Potential Loyalists
13428,10,1,199.29,5,1,1,7,3,Potential Loyalists
13429,11,4,1006.8,5,3,4,12,3,Potential Loyalists
13430,19,2,679.45,4,1,3,8,3,Potential Loyalists
13431,67,2,1269.1,3,1,4,8,2,Loyal Customers
13434,74,2,534.24,2,1,3,6,0,At Risk
13435,5,7,3790.09,5,4,5,14,1,Champions
13436,2,1,196.89,5,1,1,7,3,Potential Loyalists
13437,14,7,3408.06,4,4,5,13,1,Champions
13439,255,1,283.71,1,1,2,4,0,At Risk
13441,92,1,296.64,2,1,2,5,0,At Risk
13447,23,3,1129.14,4,2,4,10,2,Loyal Customers
13448,17,6,3478.19,4,3,5,12,1,Champions
13449,24,1,291.88,4,1,2,7,3,Potential Loyalists
13450,27,6,2043.72,4,3,5,12,2,Loyal Customers
13451,26,5,2870.45,4,3,5,12,2,Loyal Customers
13452,259,2,590.0,1,1,3,5,0,At Risk
13453,166,2,356.98,2,1,2,5,0,At Risk
13455,25,2,1058.34,4,1,4,9,3,Potential Loyalists
13456,18,6,1766.72,4,3,4,11,2,Loyal Customers
13458,7,14,9646.57,5,4,5,14,1,Champions
13460,29,2,183.44,4,1,1,6,3,Potential Loyalists
13461,39,3,1445.0,3,2,4,9,2,Loyal Customers
13462,253,1,151.5,1,1,1,3,0,At Risk
13464,58,1,674.68,3,1,3,7,0,At Risk
13466,184,1,307.90000000000003,1,1,2,4,0,At Risk
13467,11,2,994.76,5,1,4,10,3,Potential Loyalists
13468,2,37,5704.97,5,4,5,14,1,Champions
13470,99,2,165.0,2,1,1,4,0,At Risk
13471,1,4,2391.17,5,3,5,13,1,Champions
13473,61,2,422.64,3,1,2,6,0,At Risk
13474,236,1,222.79,1,1,1,3,0,At Risk
13475,191,4,1431.78,1,3,4,8,2,Loyal Customers
13476,179,2,1238.47,1,1,4,6,2,Loyal Customers
13477,38,6,1454.58,3,3,4,10,2,Loyal Customers
13479,201,2,300.95,1,1,2,4,0,At Risk
13481,46,5,1804.56,3,3,4,10,2,Loyal Customers
13482,232,1,184.64000000000001,1,1,1,3,0,At Risk
13483,66,1,140.34,3,1,1,5,0,At Risk
13484,241,1,313.8,1,1,2,4,0,At Risk
13485,233,1,454.24,1,1,2,4,0,At Risk
13486,78,3,1122.41,2,2,4,8,2,Loyal Customers
13487,58,3,575.4,3,2,3,8,2,Loyal Customers
13488,17,13,8968.31,4,4,5,13,1,Champions
13489,105,4,449.52,2,3,2,7,2,Loyal Customers
13491,52,10,1215.82,3,4,4,11,2,Loyal Customers
13494,312,1,316.26000000000005,1,1,2,4,0,At Risk
13495,8,5,2044.8700000000001,5,3,5,13,1,Champions
13496,11,2,653.33,5,1,3,9,3,Potential Loyalists
13497,283,2,348.05,1,1,2,4,0,At Risk
13499,18,5,1159.1100000000001,4,3,4,11,2,Loyal Customers
13500,23,3,1166.77,4,2,4,10,2,Loyal Customers
13502,17,3,292.0,4,2,2,8,3,Potential Loyalists
13503,71,1,216.85,3,1,1,5,0,At Risk
13504,64,1,295.93,3,1,2,6,0,At Risk
13506,316,2,458.52,1,1,2,4,0,At Risk
13507,3,4,2479.16,5,3,5,13,1,Champions
13508,244,1,110.97,1,1,1,3,0,At Risk
13509,9,7,979.72,5,4,4,13,1,Champions
13510,1,4,1791.56,5,3,4,12,1,Champions
13512,261,1,251.21,1,1,2,4,0,At Risk
13513,127,1,205.1,2,1,1,4,0,At Risk
13514,74,1,152.20000000000002,2,1,1,4,0,At Risk
13515,73,4,891.12,2,3,4,9,2,Loyal Customers
13516,21,3,1389.41,4,2,4,10,2,Loyal Customers
13517,60,3,2128.42,3,2,5,10,2,Loyal Customers
13518,86,1,627.16,2,1,3,6,0,At Risk
13519,78,1,122.75,2,1,1,4,0,At Risk
13521,1,3,1039.27,5,2,4,11,3,Potential Loyalists
13522,30,1,125.80000000000001,4,1,1,6,3,Potential Loyalists
13523,33,5,3964.88,4,3,5,12,2,Loyal Customers
13524,41,5,680.1800000000001,3,3,3,9,2,Loyal Customers
13525,15,2,628.78,4,1,3,8,3,Potential Loyalists
13527,34,7,2192.11,3,4,5,12,2,Loyal Customers
13529,79,2,307.76,2,1,2,5,0,At Risk
13531,205,2,483.8,1,1,3,5,0,At Risk
13532,34,1,210.31,3,1,1,5,3,Potential Loyalists
13533,183,3,260.15,1,2,2,5,0,At Risk
13534,2,25,5870.08,5,4,5,14,1,Champions
13536,1,7,3437.07,5,4,5,14,1,Champions
13538,43,7,1280.85,3,4,4,11,2,Loyal Customers
13539,86,3,631.34,2,2,3,7,2,Loyal Customers
13544,40,2,276.06,3,1,2,6,3,Potential Loyalists
13546,12,3,605.69,5,2,3,10,3,Potential Loyalists
13548,96,2,618.73,2,1,3,6,0,At Risk
13549,26,7,918.2,4,4,4,12,2,Loyal Customers
13551,319,1,91.80000000000001,1,1,1,3,0,At Risk
13552,66,12,3698.4700000000003,3,4,5,12,1,Champions
13555,74,4,4098.88,2,3,5,10,2,Loyal Customers
13557,28,2,584.0600000000001,4,1,3,8,3,Potential Loyalists
13558,6,4,592.43,5,3,3,11,3,Potential Loyalists
13560,7,1,171.42000000000002,5,1,1,7,3,Potential Loyalists
13561,216,1,141.85999999999999,1,1,1,3,0,At Risk
13562,82,3,1799.3300000000002,2,2,4,8,2,Loyal Customers
13563,84,2,777.53,2,1,3,6,2,Loyal Customers
13564,144,3,1693.22,2,2,4,8,2,Loyal Customers
13565,19,2,240.22,4,1,2,7,3,Potential Loyalists
13566,41,2,797.25,3,1,3,7,2,Loyal Customers
13568,173,1,165.35,2,1,1,4,0,At Risk
13569,17,2,336.5,4,1,2,7,3,Potential Loyalists
13570,243,1,239.49,1,1,2,4,0,At Risk
13571,13,12,2049.59,5,4,5,14,1,Champions
13572,206,1,1323.05,1,1,4,6,0,At Risk
13573,50,2,290.25,3,1,2,6,3,Potential Loyalists
13575,23,5,732.07,4,3,3,10,2,Loyal Customers
13576,10,18,6717.34,5,4,5,14,1,Champions
13577,25,4,1687.6000000000001,4,3,4,11,2,Loyal Customers
13579,15,2,467.04,4,1,3,8,3,Potential Loyalists
13581,309,1,118.0,1,1,1,3,0,At Risk
13583,156,1,781.03,2,1,3,6,0,At Risk
13584,307,1,142.4,1,1,1,3,0,At Risk
13587,64,1,712.4,3,1,3,7,0,At Risk
13588,16,9,2478.95,4,4,5,13,1,Champions
13589,15,2,379.65,4,1,2,7,3,Potential Loyalists
13590,11,6,1981.92,5,3,5,13,1,Champions
13591,65,3,1117.13,3,2,4,9,2,Loyal Customers
13592,36,4,247.95999999999998,3,3,2,8,3,Potential Loyalists
13593,108,5,2011.88,2,3,5,10,2,Loyal Customers
13594,53,1,396.97,3,1,2,6,0,At Risk
13596,6,2,648.98,5,1,3,9,3,Potential Loyalists
13598,47,1,143.14000000000001,3,1,1,5,0,At Risk
13599,1,21,5147.02,5,4,5,14,1,Champions
13600,312,1,219.52,1,1,1,3,0,At Risk
13601,45,2,678.62,3,1,3,7,3,Potential Loyalists
13602,65,1,428.89,3,1,2,6,0,At Risk
13603,26,1,164.34,4,1,1,6,3,Potential Loyalists
13606,29,3,276.75,4,2,2,8,3,Potential Loyalists
13607,40,1,646.61,3,1,3,7,3,Potential Loyalists
13610,12,7,1059.17,5,4,4,13,1,Champions
13611,89,3,1134.15,2,2,4,8,2,Loyal Customers
13614,24,4,1563.48,4,3,4,11,2,Loyal Customers
13615,319,1,417.69,1,1,2,4,0,At Risk
13617,40,3,544.18,3,2,3,8,2,Loyal Customers
13618,174,1,177.34,2,1,1,4,0,At Risk
13621,117,1,213.85,2,1,1,4,0,At Risk
13623,31,5,727.74,4,3,3,10,2,Loyal Customers
13626,253,1,257.23,1,1,2,4,0,At Risk
13627,59,5,1638.47,3,3,4,10,2,Loyal Customers
13629,23,11,7792.36,4,4,5,13,1,Champions
13630,5,7,2031.78,5,4,5,14,1,Champions
13631,100,11,3070.42,2,4,5,11,2,Loyal Customers
13632,25,5,2118.93,4,3,5,12,2,Loyal Customers
13634,33,5,1530.8600000000001,4,3,4,11,2,Loyal Customers
13635,68,1,1071.03,3,1,4,8,0,At Risk
13636,37,5,949.12,3,3,4,10,2,Loyal Customers
13637,52,3,790.35,3,2,3,8,2,Loyal Customers
13638,16,1,122.64,4,1,1,6,3,Potential Loyalists
13639,74,1,1013.42,2,1,4,7,0,At Risk
13642,216,1,312.28,1,1,2,4,0,At Risk
13643,31,3,519.44,4,2,3,9,3,Potential Loyalists
13644,16,4,2624.26,4,3,5,12,2,Loyal Customers
13645,120,1,252.1,2,1,2,5,0,At Risk
13647,10,4,1648.1200000000001,5,3,4,12,2,Loyal Customers
13649,257,2,346.6,1,1,2,4,0,At Risk
13650,17,6,1836.3400000000001,4,3,4,11,2,Loyal Customers
13651,35,2,94.2,3,1,1,5,3,Potential Loyalists
13652,46,3,1095.08,3,2,4,9,2,Loyal Customers
13654,43,6,2707.33,3,3,5,11,2,Loyal Customers
13655,114,2,932.97,2,1,4,7,2,Loyal Customers
13656,165,2,379.65,2,1,2,5,0,At Risk
13657,11,2,382.14,5,1,2,8,3,Potential Loyalists
13658,10,5,2639.17,5,3,5,13,1,Champions
13659,206,2,1508.0800000000002,1,1,4,6,2,Loyal Customers
13662,86,3,881.26,2,2,3,7,2,Loyal Customers
13663,179,1,189.47,1,1,1,3,0,At Risk
13666,60,3,84.65,3,2,1,6,0,At Risk
13667,149,1,296.32,2,1,2,5,0,At Risk
13668,3,21,6294.63,5,4,5,14,1,Champions
13669,51,2,218.55,3,1,1,5,0,At Risk
13670,75,1,349.7,2,1,2,5,0,At Risk
13672,301,2,186.39000000000001,1,1,1,3,0,At Risk
13673,19,2,374.48,4,1,2,7,3,Potential Loyalists
13675,151,2,486.82000000000005,2,1,3,6,0,At Risk
13678,152,1,232.6,2,1,1,4,0,At Risk
13680,1,4,3698.7200000000003,5,3,5,13,1,Champions
13681,18,4,827.83,4,3,3,10,2,Loyal Customers
13682,187,1,59.5,1,1,1,3,0,At Risk
13684,286,1,65.13,1,1,1,3,0,At Risk
13685,3,7,3119.44,5,4,5,14,1,Champions
13686,183,1,72.0,1,1,1,3,0,At Risk
13689,63,1,910.0,3,1,4,8,0,At Risk
13690,59,1,172.25,3,1,1,5,0,At Risk
13692,25,3,1488.32,4,2,4,10,2,Loyal Customers
13694,4,50,65039.62,5,4,5,14,1,Champions
13695,31,15,2504.13,4,4,5,13,1,Champions
13697,39,1,151.3,3,1,1,5,0,At Risk
13699,155,1,308.58000000000004,2,1,2,5,0,At Risk
13700,26,10,2248.63,4,4,5,13,1,Champions
13703,318,1,99.5,1,1,1,3,0,At Risk
13704,5,9,2308.06,5,4,5,14,1,Champions
13705,8,3,711.86,5,2,3,10,3,Potential Loyalists
13706,303,1,330.79,1,1,2,4,0,At Risk
13707,267,2,806.41,1,1,3,5,0,At Risk
13708,271,1,285.33,1,1,2,4,0,At Risk
13709,4,13,6307.650000000001,5,4,5,14,1,Champions
13710,32,1,180.48,4,1,1,6,3,Potential Loyalists
13711,219,2,252.06,1,1,2,4,0,At Risk
13712,247,1,228.84,1,1,1,3,0,At Risk
13715,281,5,1072.44,1,3,4,8,2,Loyal Customers
13716,269,1,138.28,1,1,1,3,0,At Risk
13717,32,6,1445.01,4,3,4,11,2,Loyal Customers
13718,246,2,306.55,1,1,2,4,0,At Risk
13719,15,5,1041.68,4,3,4,11,2,Loyal Customers
13720,117,4,799.9,2,3,3,8,2,Loyal Customers
13721,36,1,524.14,3,1,3,7,3,Potential Loyalists
13722,132,3,2375.41,2,2,5,9,2,Loyal Customers
13723,217,1,199.85000000000002,1,1,1,3,0,At Risk
13725,50,8,1980.56,3,4,5,12,2,Loyal Customers
13726,39,2,1079.66,3,1,4,8,2,Loyal Customers
13727,29,2,333.48,4,1,2,7,3,Potential Loyalists
13728,37,6,1016.14,3,3,4,10,2,Loyal Customers
13730,136,2,752.6,2,1,3,6,0,At Risk
13731,219,2,610.59,1,1,3,5,0,At Risk
13732,28,1,491.86,4,1,3,8,3,Potential Loyalists
13735,25,4,2881.05,4,3,5,12,2,Loyal Customers
13736,5,2,702.39,5,1,3,9,3,Potential Loyalists
13737,200,1,338.11,1,1,2,4,0,At Risk
13739,18,1,216.9,4,1,1,6,3,Potential Loyalists
13740,241,1,350.75,1,1,2,4,0,At Risk
13741,72,3,668.4300000000001,2,2,3,7,2,Loyal Customers
13742,17,12,3076.02,4,4,5,13,1,Champions
13743,3,7,1341.6,5,4,4,13,1,Champions
13744,95,2,1080.52,2,1,4,7,2,Loyal Customers
13745,162,1,300.04,2,1,2,5,0,At Risk
13747,374,1,79.6,1,1,1,3,0,At Risk
13748,96,5,948.25,2,3,4,9,2,Loyal Customers
13750,54,5,1647.26,3,3,4,10,2,Loyal Customers
13751,288,1,296.25,1,1,2,4,0,At Risk
13752,124,6,1175.38,2,3,4,9,2,Loyal Customers
13753,288,1,741.26,1,1,3,5,0,At Risk
13754,152,2,282.6,2,1,2,5,0,At Risk
13755,4,9,2009.98,5,4,5,14,1,Champions
13756,2,14,5189.52,5,4,5,14,1,Champions
13758,12,7,3170.15,5,4,5,14,1,Champions
13759,33,2,659.4100000000001,4,1,3,8,3,Potential Loyalists
13760,54,2,262.82,3,1,2,6,0,At Risk
13761,50,2,1070.65,3,1,4,8,2,Loyal Customers
13762,219,1,306.72,1,1,2,4,0,At Risk
13763,63,1,1714.96,3,1,4,8,2,Loyal Customers
13764,71,3,1492.11,3,2,4,9,2,Loyal Customers
13767,2,37,17220.36,5,4,5,14,1,Champions
13769,2,10,2796.51,5,4,5,14,1,Champions
13771,64,4,2634.45,3,3,5,11,2,Loyal Customers
13772,34,3,1093.44,3,2,4,9,2,Loyal Customers
13774,82,1,345.0,2,1,2,5,0,At Risk
13777,1,33,25977.16,5,4,5,14,1,Champions
13778,103,1,178.7,2,1,1,4,0,At Risk
13780,7,2,360.01,5,1,2,8,3,Potential Loyalists
13781,251,1,127.84,1,1,1,3,0,At Risk
13782,13,6,908.86,5,3,4,12,2,Loyal Customers
13784,10,11,2462.79,5,4,5,14,1,Champions
13786,367,1,230.4,1,1,1,3,0,At Risk
13787,76,2,251.37,2,1,2,5,0,At Risk
13790,4,1,348.79999999999995,5,1,2,8,3,Potential Loyalists
13791,128,2,1516.0,2,1,4,7,2,Loyal Customers
13792,66,2,195.55,3,1,1,5,0,At Risk
13798,1,57,36536.090000000004,5,4,5,14,1,Champions
13799,117,2,688.86,2,1,3,6,0,At Risk
13800,310,1,558.32,1,1,3,5,0,At Risk
13801,67,1,324.8,3,1,2,6,0,At Risk
13802,139,3,4599.42,2,2,5,9,2,Loyal Customers
13803,255,1,277.07,1,1,2,4,0,At Risk
13804,31,7,2588.39,4,4,5,13,2,Loyal Customers
13805,52,2,924.5999999999999,3,1,4,8,2,Loyal Customers
13806,64,1,256.38,3,1,2,6,0,At Risk
13807,367,1,112.6,1,1,1,3,0,At Risk
13808,6,5,1747.66,5,3,4,12,1,Champions
13819,302,3,1140.35,1,2,4,7,2,Loyal Customers
13821,145,2,385.64,2,1,2,5,0,At Risk
13822,6,2,628.7,5,1,3,9,3,Potential Loyalists
13823,19,2,957.66,4,1,4,9,3,Potential Loyalists
13824,33,5,1698.94,4,3,4,11,2,Loyal Customers
13826,176,1,189.5,2,1,1,4,0,At Risk
13827,58,3,409.8,3,2,2,7,2,Loyal Customers
13828,22,1,209.49,4,1,1,6,3,Potential Loyalists
13831,16,6,2198.45,4,3,5,12,1,Champions
13832,19,1,52.2,4,1,1,6,3,Potential Loyalists
13833,159,1,383.85,2,1,2,5,0,At Risk
13835,25,4,834.57,4,3,3,10,2,Loyal Customers
13837,212,2,266.59000000000003,1,1,2,4,0,At Risk
13838,6,4,651.08,5,3,3,11,3,Potential Loyalists
13841,253,1,85.0,1,1,1,3,0,At Risk
13842,59,9,3385.62,3,4,5,12,2,Loyal Customers
13844,11,1,361.62,5,1,2,8,3,Potential Loyalists
13845,65,1,312.98,3,1,2,6,0,At Risk
13846,25,3,865.0600000000001,4,2,3,9,2,Loyal Customers
13848,92,3,1255.0,2,2,4,8,2,Loyal Customers
13849,52,2,1537.95,3,1,4,8,2,Loyal Customers
13850,129,1,1595.48,2,1,4,7,2,Loyal Customers
13851,96,3,2651.46,2,2,5,9,2,Loyal Customers
13853,57,1,1090.1399999999999,3,1,4,8,2,Loyal Customers
13854,9,25,8109.5199999999995,5,4,5,14,1,Champions
13856,169,3,388.5,2,2,2,6,0,At Risk
13858,57,1,216.17000000000002,3,1,1,5,0,At Risk
13859,326,1,188.56,1,1,1,3,0,At Risk
13860,1,5,1245.9,5,3,4,12,1,Champions
13862,18,8,2209.36,4,4,5,13,1,Champions
13863,248,1,305.78,1,1,2,4,0,At Risk
13865,58,4,501.56,3,3,3,9,2,Loyal Customers
13866,74,1,145.67,2,1,1,4,0,At Risk
13867,31,3,973.29,4,2,4,10,2,Loyal Customers
13868,7,2,3192.54,5,1,5,11,3,Potential Loyalists
13869,123,4,3065.38,2,3,5,10,2,Loyal Customers
13870,2,8,2770.94,5,4,5,14,1,Champions
13871,23,13,6403.25,4,4,5,13,1,Champions
13873,120,3,389.6,2,2,2,6,0,At Risk
13874,358,1,540.45,1,1,3,5,0,At Risk
13875,54,5,1786.79,3,3,4,10,2,Loyal Customers
13876,64,1,122.7,3,1,1,5,0,At Risk
13877,86,1,117.24,2,1,1,4,0,At Risk
13878,55,1,1271.57,3,1,4,8,2,Loyal Customers
13880,21,13,3219.77,4,4,5,13,1,Champions
13881,3,20,17159.52,5,4,5,14,1,Champions
13882,3,5,1191.13,5,3,4,12,1,Champions
13883,11,5,2674.48,5,3,5,13,1,Champions
13884,7,5,786.15,5,3,3,11,3,Potential Loyalists
13885,189,2,506.8,1,1,3,5,0,At Risk
13886,71,1,243.56,3,1,2,6,0,At Risk
13887,204,1,349.55,1,1,2,4,0,At Risk
13888,120,2,595.67,2,1,3,6,0,At Risk
13889,93,1,416.90000000000003,2,1,2,5,0,At Risk
13890,1,10,1883.81,5,4,4,13,1,Champions
13892,27,4,632.97,4,3,3,10,2,Loyal Customers
13893,298,1,821.1,1,1,3,5,0,At Risk
13894,24,3,488.3,4,2,3,9,3,Potential Loyalists
13895,28,4,2593.07,4,3,5,12,2,Loyal Customers
13897,50,1,311.16,3,1,2,6,0,At Risk
13898,326,1,155.93,1,1,1,3,0,At Risk
13899,16,2,388.52,4,1,2,7,3,Potential Loyalists
13900,183,3,740.95,1,2,3,6,2,Loyal Customers
13901,72,5,2867.2000000000003,2,3,5,10,2,Loyal Customers
13904,37,2,332.64,3,1,2,6,3,Potential Loyalists
13908,80,4,2369.55,2,3,5,10,2,Loyal Customers
13911,57,9,2580.91,3,4,5,12,2,Loyal Customers
13914,12,2,626.45,5,1,3,9,3,Potential Loyalists
13917,50,2,272.04,3,1,2,6,3,Potential Loyalists
13918,50,2,1212.8400000000001,3,1,4,8,2,Loyal Customers
13922,352,1,172.25,1,1,1,3,0,At Risk
13923,54,1,351.13,3,1,2,6,0,At Risk
13924,2,6,1838.8500000000001,5,3,4,12,1,Champions
13925,93,4,678.25,2,3,3,8,2,Loyal Customers
13926,23,1,223.85000000000002,4,1,1,6,3,Potential Loyalists
13927,75,1,348.99,2,1,2,5,0,At Risk
13928,11,4,464.57,5,3,3,11,3,Potential Loyalists
13929,169,2,842.65,2,1,3,6,0,At Risk
13930,58,2,337.34,3,1,2,6,0,At Risk
13931,96,2,1237.53,2,1,4,7,2,Loyal Customers
13932,295,1,307.4,1,1,2,4,0,At Risk
13933,109,2,608.79,2,1,3,6,0,At Risk
13934,264,1,922.1,1,1,4,6,0,At Risk
13936,180,1,376.58,1,1,2,4,0,At Risk
13937,169,1,158.85,2,1,1,4,0,At Risk
13938,35,1,71.66,3,1,1,5,0,At Risk
13939,23,3,568.55,4,2,3,9,3,Potential Loyalists
13940,17,4,839.14,4,3,3,10,2,Loyal Customers
13941,22,5,5112.96,4,3,5,12,1,Champions
13946,79,3,561.57,2,2,3,7,2,Loyal Customers
13947,65,1,90.60000000000001,3,1,1,5,0,At Risk
13948,361,1,102.0,1,1,1,3,0,At Risk
13949,3,6,2427.32,5,3,5,13,1,Champions
13950,11,4,745.0600000000001,5,3,3,11,3,Potential Loyalists
13951,176,3,674.45,2,2,3,7,2,Loyal Customers
13952,218,2,3251.071,1,1,5,7,2,Loyal Customers
13953,7,7,3515.68,5,4,5,14,1,Champions
13954,1,2,439.92,5,1,2,8,3,Potential Loyalists
13955,154,2,322.96,2,1,2,5,0,At Risk
13956,5,5,973.47,5,3,4,12,3,Potential Loyalists
13959,79,3,583.44,2,2,3,7,2,Loyal Customers
13960,21,2,230.22,4,1,1,6,3,Potential Loyalists
13962,22,2,169.54999999999998,4,1,1,6,3,Potential Loyalists
13963,308,4,664.54,1,3,3,7,2,Loyal Customers
13967,146,1,80.7,2,1,1,4,0,At Risk
13969,7,18,8976.37,5,4,5,14,1,Champions
13971,19,8,2758.26,4,4,5,13,1,Champions
13972,71,2,190.25,3,1,1,5,0,At Risk
13973,287,1,264.7,1,1,2,4,0,At Risk
13974,49,1,413.59000000000003,3,1,2,6,0,At Risk
13975,31,6,2394.16,4,3,5,12,2,Loyal Customers
13976,207,1,357.98,1,1,2,4,0,At Risk
13978,15,2,196.79,4,1,1,6,3,Potential Loyalists
13979,73,1,869.87,2,1,3,6,0,At Risk
13980,60,1,200.14,3,1,1,5,0,At Risk
13982,39,4,1864.26,3,3,4,10,2,Loyal Customers
13983,30,12,2589.53,4,4,5,13,1,Champions
13984,27,5,920.51,4,3,4,11,2,Loyal Customers
13985,4,15,7060.13,5,4,5,14,1,Champions
13986,17,1,293.58,4,1,2,7,3,Potential Loyalists
13988,20,6,4147.96,4,3,5,12,1,Champions
13989,66,2,1266.08,3,1,4,8,2,Loyal Customers
13990,213,1,311.3,1,1,2,4,0,At Risk
13991,12,6,846.09,5,3,3,11,2,Loyal Customers
13992,30,1,76.8,4,1,1,6,3,Potential Loyalists
13993,43,9,3466.36,3,4,5,12,1,Champions
13994,4,6,2249.4900000000002,5,3,5,13,1,Champions
13995,15,5,1393.69,4,3,4,11,2,Loyal Customers
13999,10,12,3901.81,5,4,5,14,1,Champions
14000,211,1,635.66,1,1,3,5,0,At Risk
14001,46,3,2043.0800000000002,3,2,5,10,2,Loyal Customers
14002,134,2,529.73,2,1,3,6,0,At Risk
14004,43,7,4582.64,3,4,5,12,2,Loyal Customers
14005,10,5,2874.72,5,3,5,13,1,Champions
14006,116,3,962.19,2,2,4,8,2,Loyal Customers
14009,198,2,695.61,1,1,3,5,0,At Risk
14012,278,1,328.8,1,1,2,4,0,At Risk
14013,110,3,473.02,2,2,3,7,0,At Risk
14014,77,1,505.18,2,1,3,6,0,At Risk
14015,53,1,917.34,3,1,4,8,3,Potential Loyalists
14019,47,3,1421.6100000000001,3,2,4,9,2,Loyal Customers
14020,17,2,642.8,4,1,3,8,3,Potential Loyalists
14021,155,3,631.9,2,2,3,7,2,Loyal Customers
14022,225,1,440.0,1,1,2,4,0,At Risk
14023,7,2,584.07,5,1,3,9,3,Potential Loyalists
14024,122,2,327.7,2,1,2,5,0,At Risk
14027,61,1,104.82,3,1,1,5,0,At Risk
14029,63,2,467.66,3,1,3,7,0,At Risk
14030,18,8,2352.89,4,4,5,13,1,Champions
14031,7,19,17286.86,5,4,5,14,1,Champions
14032,2,11,2975.59,5,4,5,14,1,Champions
14034,22,3,646.81,4,2,3,9,3,Potential Loyalists
14035,29,5,1419.32,4,3,4,11,2,Loyal Customers
14036,285,1,626.65,1,1,3,5,0,At Risk
14037,176,2,147.20000000000002,2,1,1,4,0,At Risk
14038,78,3,1560.38,2,2,4,8,2,Loyal Customers
14039,33,1,152.2,4,1,1,6,3,Potential Loyalists
14040,41,12,3492.07,3,4,5,12,1,Champions
14041,266,1,141.41,1,1,1,3,0,At Risk
14044,27,4,646.42,4,3,3,10,2,Loyal Customers
14045,109,4,1659.75,2,3,4,9,2,Loyal Customers
14046,284,1,154.99,1,1,1,3,0,At Risk
14047,9,5,1308.6100000000001,5,3,4,12,2,Loyal Customers
14048,305,1,404.88,1,1,2,4,0,At Risk
14049,17,4,5558.02,4,3,5,12,2,Loyal Customers
14050,32,2,746.36,4,1,3,8,3,Potential Loyalists
14051,1,23,15574.99,5,4,5,14,1,Champions
14052,20,1,225.35999999999999,4,1,1,6,3,Potential Loyalists
14053,124,2,247.75,2,1,2,5,0,At Risk
14054,65,1,92.46000000000001,3,1,1,5,0,At Risk
14055,106,1,725.6400000000001,2,1,3,6,0,At Risk
14056,1,23,8043.75,5,4,5,14,1,Champions
14057,24,17,6211.66,4,4,5,13,1,Champions
14059,267,1,183.6,1,1,1,3,0,At Risk
14060,5,19,6140.42,5,4,5,14,1,Champions
14062,10,12,10464.85,5,4,5,14,1,Champions
14064,29,5,1304.01,4,3,4,11,2,Loyal Customers
14066,267,1,152.55,1,1,1,3,0,At Risk
14067,64,2,374.7,3,1,2,6,0,At Risk
14068,320,1,250.45,1,1,2,4,0,At Risk
14071,4,8,1433.25,5,4,4,13,1,Champions
14073,32,1,151.04,4,1,1,6,3,Potential Loyalists
14075,5,3,942.26,5,2,4,11,3,Potential Loyalists
14076,129,1,114.92,2,1,1,4,0,At Risk
14077,41,5,499.42,3,3,3,9,2,Loyal Customers
14078,102,6,1049.37,2,3,4,9,2,Loyal Customers
14079,125,1,375.1,2,1,2,5,0,At Risk
14080,33,1,45.599999999999994,4,1,1,6,0,At Risk
14081,302,2,897.27,1,1,4,6,0,At Risk
14082,365,1,176.4,1,1,1,3,0,At Risk
14083,4,9,1002.9,5,4,4,13,1,Champions
14085,2,18,4397.03,5,4,5,14,1,Champions
14087,3,1,173.8,5,1,1,7,3,Potential Loyalists
14088,10,13,50491.81,5,4,5,14,1,Champions
14089,57,1,158.75,3,1,1,5,0,At Risk
14090,325,1,76.32000000000001,1,1,1,3,0,At Risk
14092,8,14,4076.9100000000003,5,4,5,14,1,Champions
14093,12,1,424.45,5,1,2,8,3,Potential Loyalists
14096,4,17,64990.31,5,4,5,14,1,Champions
14098,37,1,147.35,3,1,1,5,0,At Risk
14099,16,11,3104.17,4,4,5,13,1,Champions
14100,138,1,190.05,2,1,1,4,0,At Risk
14101,74,6,5976.79,2,3,5,10,2,Loyal Customers
14102,5,5,1058.48,5,3,4,12,1,Champions
14104,154,2,216.21,2,1,1,4,0,At Risk
14105,239,1,1266.23,1,1,4,6,0,At Risk
14107,52,7,2703.23,3,4,5,12,2,Loyal Customers
14108,31,2,597.91,4,1,3,8,3,Potential Loyalists
14109,73,1,144.2,2,1,1,4,0,At Risk
14110,4,12,5683.15,5,4,5,14,1,Champions
14111,14,4,692.85,4,3,3,10,3,Potential Loyalists
14112,23,7,2915.15,4,4,5,13,1,Champions
14113,4,4,1840.42,5,3,4,12,1,Champions
14114,274,2,386.53,1,1,2,4,0,At Risk
14116,20,5,1382.74,4,3,4,11,2,Loyal Customers
14117,144,1,90.0,2,1,1,4,0,At Risk
14121,4,4,2780.15,5,3,5,13,1,Champions
14124,84,1,281.34,2,1,2,5,0,At Risk
14125,11,3,2720.63,5,2,5,12,2,Loyal Customers
14126,8,3,706.1300000000001,5,2,3,10,3,Potential Loyalists
14127,123,3,709.71,2,2,3,7,2,Loyal Customers
14128,61,2,637.5,3,1,3,7,2,Loyal Customers
14129,2,5,1123.8600000000001,5,3,4,12,1,Champions
14130,319,1,480.91,1,1,3,5,0,At Risk
14132,2,11,3586.03,5,4,5,14,1,Champions
14133,130,3,605.64,2,2,3,7,2,Loyal Customers
14135,2,15,4690.31,5,4,5,14,1,Champions
14138,2,2,965.88,5,1,4,10,3,Potential Loyalists
14139,46,1,415.82,3,1,2,6,3,Potential Loyalists
14140,4,2,935.05,5,1,4,10,3,Potential Loyalists
14141,3,4,915.13,5,3,4,12,3,Potential Loyalists
14142,373,1,311.81,1,1,2,4,0,At Risk
14143,134,1,115.8,2,1,1,4,0,At Risk
14145,47,4,3742.2,3,3,5,11,2,Loyal Customers
14146,9,5,4191.0,5,3,5,13,1,Champions
14147,78,2,483.4,2,1,3,6,0,At Risk
14148,234,1,157.2,1,1,1,3,0,At Risk
14149,221,1,446.62,1,1,2,4,0,At Risk
14150,36,2,658.64,3,1,3,7,3,Potential Loyalists
14152,75,2,621.29,2,1,3,6,2,Loyal Customers
14154,239,2,1345.62,1,1,4,6,2,Loyal Customers
14155,266,1,118.75,1,1,1,3,0,At Risk
14157,20,2,421.64000000000004,4,1,2,7,3,Potential Loyalists
14158,40,1,507.65999999999997,3,1,3,7,3,Potential Loyalists
14159,20,11,4508.73,4,4,5,13,1,Champions
14161,216,3,1077.04,1,2,4,7,2,Loyal Customers
14162,174,2,289.36,2,1,2,5,0,At Risk
14163,87,4,2445.91,2,3,5,10,2,Loyal Customers
14164,71,2,1631.77,3,1,4,8,2,Loyal Customers
14165,276,1,117.89,1,1,1,3,0,At Risk
14167,39,4,541.34,3,3,3,9,2,Loyal Customers
14171,98,1,362.13,2,1,2,5,0,At Risk
14173,11,4,450.84,5,3,2,10,3,Potential Loyalists
14174,33,1,134.46,4,1,1,6,3,Potential Loyalists
14175,60,3,3222.3,3,2,5,10,2,Loyal Customers
14176,297,4,576.9000000000001,1,3,3,7,0,At Risk
14177,86,4,549.46,2,3,3,8,2,Loyal Customers
14178,9,7,1585.33,5,4,4,13,1,Champions
14179,41,2,624.02,3,1,3,7,3,Potential Loyalists
14180,11,25,4748.52,5,4,5,14,1,Champions
14184,67,1,452.89,3,1,2,6,0,At Risk
14185,331,1,197.65,1,1,1,3,0,At Risk
14188,31,6,2054.36,4,3,5,12,2,Loyal Customers
14189,2,15,4654.08,5,4,5,14,1,Champions
14191,2,13,4684.76,5,4,5,14,1,Champions
14193,68,2,853.39,3,1,3,7,2,Loyal Customers
14194,5,21,11349.52,5,4,5,14,1,Champions
14195,202,2,1012.0,1,1,4,6,0,At Risk
14196,107,1,335.52,2,1,2,5,0,At Risk
14198,18,4,701.4,4,3,3,10,3,Potential Loyalists
14199,218,1,185.39999999999998,1,1,1,3,0,At Risk
14201,60,7,747.44,3,4,3,10,2,Loyal Customers
14204,2,1,142.27,5,1,1,7,3,Potential Loyalists
14205,17,2,466.7,4,1,3,8,3,Potential Loyalists
14206,239,1,328.15999999999997,1,1,2,4,0,At Risk
14208,95,1,151.74,2,1,1,4,0,At Risk
14209,11,6,2073.43,5,3,5,13,1,Champions
14210,106,6,1905.8400000000001,2,3,4,9,2,Loyal Customers
14211,53,9,2241.1,3,4,5,12,2,Loyal Customers
14212,90,1,1070.48,2,1,4,7,0,At Risk
14214,31,5,1004.38,4,3,4,11,2,Loyal Customers
14215,12,6,1789.72,5,3,4,12,1,Champions
14216,3,4,1839.3,5,3,4,12,1,Champions
14217,2,17,2004.98,5,4,5,14,1,Champions
14218,43,1,169.48000000000002,3,1,1,5,0,At Risk
14219,4,1,89.94,5,1,1,7,3,Potential Loyalists
14220,247,2,632.4000000000001,1,1,3,5,0,At Risk
14221,42,9,3432.8,3,4,5,12,1,Champions
14222,177,1,683.17,2,1,3,6,0,At Risk
14223,92,3,991.13,2,2,4,8,2,Loyal Customers
14224,110,4,1004.38,2,3,4,9,2,Loyal Customers
14226,29,5,2204.83,4,3,5,12,2,Loyal Customers
14227,26,10,3350.96,4,4,5,13,1,Champions
14229,52,3,1547.2,3,2,4,9,2,Loyal Customers
14231,184,3,925.71,1,2,4,7,2,Loyal Customers
14232,43,5,2048.07,3,3,5,11,2,Loyal Customers
14233,49,4,1462.72,3,3,4,10,2,Loyal Customers
14234,22,4,740.89,4,3,3,10,2,Loyal Customers
14235,75,5,3144.86,2,3,5,10,2,Loyal Customers
14236,81,2,490.86,2,1,3,6,0,At Risk
14237,373,1,161.0,1,1,1,3,0,At Risk
14238,326,1,146.85,1,1,1,3,0,At Risk
14239,43,11,2380.85,3,4,5,12,1,Champions
14240,30,2,890.34,4,1,4,9,3,Potential Loyalists
14241,184,1,213.70000000000002,1,1,1,3,0,At Risk
14242,235,2,280.55,1,1,2,4,0,At Risk
14243,9,10,2588.77,5,4,5,14,1,Champions
14245,220,2,1693.45,1,1,4,6,2,Loyal Customers
14246,111,3,1474.06,2,2,4,8,2,Loyal Customers
14247,278,1,131.82,1,1,1,3,0,At Risk
14248,318,1,302.58,1,1,2,4,0,At Risk
14250,7,3,1904.05,5,2,4,11,3,Potential Loyalists
14251,2,5,2879.7000000000003,5,3,5,13,1,Champions
14256,260,2,969.0600000000001,1,1,4,6,0,At Risk
14257,64,5,3099.7200000000003,3,3,5,11,2,Loyal Customers
14258,9,9,12669.98,5,4,5,14,1,Champions
14259,142,1,120.0,2,1,1,4,0,At Risk
14261,51,2,1163.45,3,1,4,8,2,Loyal Customers
14262,8,8,2618.23,5,4,5,14,1,Champions
14264,155,2,333.97,2,1,2,5,0,At Risk
14267,163,3,1516.24,2,2,4,8,2,Loyal Customers
14270,332,1,492.65000000000003,1,1,3,5,0,At Risk
14271,226,1,112.32000000000001,1,1,1,3,0,At Risk
14272,74,2,437.96,2,1,2,5,0,At Risk
14273,51,4,559.97,3,3,3,9,2,Loyal Customers
14276,99,3,1119.74,2,2,4,8,2,Loyal Customers
14280,197,1,134.04,1,1,1,3,0,At Risk
14282,3,15,3701.44,5,4,5,14,1,Champions
14284,31,2,595.25,4,1,3,8,3,Potential Loyalists
14285,21,4,1910.01,4,3,4,11,2,Loyal Customers
14286,24,3,4628.75,4,2,5,11,2,Loyal Customers
14287,8,3,176.63,5,2,1,8,3,Potential Loyalists
14288,213,1,426.6,1,1,2,4,0,At Risk
14289,9,6,911.26,5,3,4,12,2,Loyal Customers
14290,11,5,2314.65,5,3,5,13,1,Champions
14291,2,11,3883.25,5,4,5,14,1,Champions
14292,8,9,4871.93,5,4,5,14,1,Champions
14293,3,4,1046.56,5,3,4,12,3,Potential Loyalists
14295,40,1,166.20000000000002,3,1,1,5,0,At Risk
14297,18,4,1305.33,4,3,4,11,2,Loyal Customers
14298,8,44,51527.3,5,4,5,14,1,Champions
14299,8,9,3965.62,5,4,5,14,1,Champions
14300,19,1,43.2,4,1,1,6,3,Potential Loyalists
14301,117,1,640.14,2,1,3,6,0,At Risk
14304,223,1,383.45,1,1,2,4,0,At Risk
14305,71,3,1858.96,3,2,4,9,2,Loyal Customers
14306,51,2,2093.32,3,1,5,9,2,Loyal Customers
14307,89,6,2995.7200000000003,2,3,5,10,2,Loyal Customers
14309,8,9,2352.53,5,4,5,14,1,Champions
14311,243,1,310.26,1,1,2,4,0,At Risk
14312,47,6,1611.5900000000001,3,3,4,10,2,Loyal Customers
14314,107,1,120.0,2,1,1,4,0,At Risk
14315,45,6,2481.13,3,3,5,11,2,Loyal Customers
14317,65,1,508.58,3,1,3,7,0,At Risk
14320,207,2,477.79,1,1,3,5,0,At Risk
14321,11,5,1530.75,5,3,4,12,2,Loyal Customers
14323,115,2,605.0600000000001,2,1,3,6,0,At Risk
14326,242,1,183.85,1,1,1,3,0,At Risk
14327,163,1,311.65000000000003,2,1,2,5,0,At Risk
14329,17,7,4975.24,4,4,5,13,1,Champions
14331,124,2,462.66,2,1,3,6,0,At Risk
14332,23,3,828.4100000000001,4,2,3,9,2,Loyal Customers
14333,68,1,415.2,3,1,2,6,0,At Risk
14334,17,8,2552.21,4,4,5,13,1,Champions
14336,17,4,1614.91,4,3,4,11,2,Loyal Customers
14338,161,2,588.22,2,1,3,6,0,At Risk
14339,243,1,309.52000000000004,1,1,2,4,0,At Risk
14340,219,1,134.7,1,1,1,3,0,At Risk
14341,45,8,2162.82,3,4,5,12,2,Loyal Customers
14342,21,4,668.5600000000001,4,3,3,10,2,Loyal Customers
14344,127,8,884.0300000000001,2,4,3,9,2,Loyal Customers
14345,39,1,108.98,3,1,1,5,0,At Risk
14346,121,2,1021.58,2,1,4,7,2,Loyal Customers
14348,260,1,409.57,1,1,2,4,0,At Risk
14349,10,1,133.5,5,1,1,7,3,Potential Loyalists
14350,274,1,282.93,1,1,2,4,0,At Risk
14351,165,1,51.0,2,1,1,4,0,At Risk
14352,157,4,1008.1600000000001,2,3,4,9,2,Loyal Customers
14353,215,1,90.6,1,1,1,3,0,At Risk
14354,6,2,163.62,5,1,1,7,3,Potential Loyalists
14355,366,1,174.4,1,1,1,3,0,At Risk
14356,80,2,701.23,2,1,3,6,2,Loyal Customers
14357,43,1,223.56,3,1,1,5,0,At Risk
14359,19,3,912.1800000000001,4,2,4,10,3,Potential Loyalists
14360,32,4,2118.03,4,3,5,12,2,Loyal Customers
14362,22,1,151.5,4,1,1,6,3,Potential Loyalists
14364,109,8,3717.35,2,4,5,11,2,Loyal Customers
14367,8,16,9208.02,5,4,5,14,1,Champions
14368,320,1,155.0,1,1,1,3,0,At Risk
14371,295,1,100.5,1,1,1,3,0,At Risk
14373,358,1,76.55,1,1,1,3,0,At Risk
14375,185,1,205.53,1,1,1,3,0,At Risk
14377,191,2,617.05,1,1,3,5,0,At Risk
14379,44,2,342.65000000000003,3,1,2,6,3,Potential Loyalists
14381,52,1,202.68,3,1,1,5,0,At Risk
14382,26,1,594.87,4,1,3,8,3,Potential Loyalists
14383,38,3,1247.69,3,2,4,9,2,Loyal Customers
14385,9,3,202.10999999999999,5,2,1,8,3,Potential Loyalists
14386,297,1,142.4,1,1,1,3,0,At Risk
14387,33,3,1719.2,4,2,4,10,2,Loyal Customers
14388,10,8,3212.84,5,4,5,14,1,Champions
14389,65,2,1043.46,3,1,4,8,2,Loyal Customers
14390,10,9,4623.42,5,4,5,14,1,Champions
14393,218,1,67.95,1,1,1,3,0,At Risk
14395,2,9,3397.55,5,4,5,14,1,Champions
14396,65,2,487.99,3,1,3,7,0,At Risk
14397,3,19,2612.96,5,4,5,14,1,Champions
14400,149,1,574.7,2,1,3,6,0,At Risk
14401,4,13,4051.48,5,4,5,14,1,Champions
14403,130,4,1475.81,2,3,4,9,2,Loyal Customers
14404,34,6,1446.82,3,3,4,10,2,Loyal Customers
14406,119,1,156.75,2,1,1,4,0,At Risk
14407,107,6,2157.73,2,3,5,10,2,Loyal Customers
14408,11,7,2534.53,5,4,5,14,1,Champions
14409,71,6,2059.4500000000003,3,3,5,11,2,Loyal Customers
14410,92,9,1085.17,2,4,4,10,2,Loyal Customers
14411,311,1,1063.0,1,1,4,6,0,At Risk
14412,43,2,770.03,3,1,3,7,2,Loyal Customers
14413,362,1,121.05,1,1,1,3,0,At Risk
14414,92,7,1496.98,2,4,4,10,2,Loyal Customers
14415,1,13,5782.28,5,4,5,14,1,Champions
14416,22,2,490.22,4,1,3,8,3,Potential Loyalists
14418,4,3,1933.44,5,2,5,12,3,Potential Loyalists
14419,11,6,1040.14,5,3,4,12,2,Loyal Customers
14420,99,1,387.52,2,1,2,5,0,At Risk
14421,57,2,813.11,3,1,3,7,2,Loyal Customers
14422,1,6,4263.64,5,3,5,13,1,Champions
14423,218,1,265.2,1,1,2,4,0,At Risk
14424,18,1,322.08,4,1,2,7,3,Potential Loyalists
14426,24,10,4481.67,4,4,5,13,1,Champions
14427,50,2,363.34000000000003,3,1,2,6,3,Potential Loyalists
14428,7,5,1207.21,5,3,4,12,1,Champions
14431,303,1,470.36,1,1,3,5,0,At Risk
14432,10,6,2233.92,5,3,5,13,1,Champions
14434,22,6,1372.8,4,3,4,11,2,Loyal Customers
14436,99,1,89.06,2,1,1,4,0,At Risk
14437,366,1,63.0,1,1,1,3,0,At Risk
14438,306,1,131.9,1,1,1,3,0,At Risk
14440,8,5,2357.68,5,3,5,13,1,Champions
14441,1,4,1712.89,5,3,4,12,1,Champions
14443,54,4,1420.2,3,3,4,10,2,Loyal Customers
14446,1,4,954.1,5,3,4,12,3,Potential Loyalists
14447,19,5,1163.23,4,3,4,11,2,Loyal Customers
14448,9,2,375.35,5,1,2,8,3,Potential Loyalists
14449,19,4,842.53,4,3,3,10,2,Loyal Customers
14450,181,3,483.25,1,2,3,6,0,At Risk
14451,60,2,627.79,3,1,3,7,2,Loyal Customers
14452,11,2,255.31,5,1,2,8,3,Potential Loyalists
14453,190,1,119.93,1,1,1,3,0,At Risk
14456,5,9,2907.73,5,4,5,14,1,Champions
14457,311,1,113.64,1,1,1,3,0,At Risk
14459,155,1,1837.92,2,1,4,7,2,Loyal Customers
14460,110,3,434.34,2,2,2,6,0,At Risk
14461,148,3,2103.06,2,2,5,9,2,Loyal Customers
14462,66,11,1949.3500000000001,3,4,5,12,2,Loyal Customers
14463,98,3,529.62,2,2,3,7,2,Loyal Customers
14465,247,3,1001.59,1,2,4,7,2,Loyal Customers
14466,29,7,2272.4,4,4,5,13,2,Loyal Customers
14467,18,4,595.41,4,3,3,10,3,Potential Loyalists
14470,12,2,461.19,5,1,3,9,3,Potential Loyalists
14472,104,8,1806.2,2,4,4,10,2,Loyal Customers
14473,74,2,234.34,2,1,1,4,0,At Risk
14474,46,1,547.66,3,1,3,7,3,Potential Loyalists
14475,72,3,925.85,2,2,4,8,2,Loyal Customers
14476,257,1,193.0,1,1,1,3,0,At Risk
14477,20,4,1309.6,4,3,4,11,2,Loyal Customers
14479,254,2,316.25,1,1,2,4,0,At Risk
14480,11,1,279.05,5,1,2,8,3,Potential Loyalists
14481,165,2,636.51,2,1,3,6,0,At Risk
14482,18,6,1996.78,4,3,5,12,2,Loyal Customers
14483,282,1,137.1,1,1,1,3,0,At Risk
14484,50,1,321.92,3,1,2,6,0,At Risk
14485,39,1,158.22,3,1,1,5,0,At Risk
14487,27,6,1138.55,4,3,4,11,2,Loyal Customers
14488,68,1,1064.28,3,1,4,8,0,At Risk
14489,207,1,463.38,1,1,3,5,0,At Risk
14491,175,2,340.93,2,1,2,5,0,At Risk
14493,7,5,2383.2400000000002,5,3,5,13,1,Champions
14494,26,1,139.56,4,1,1,6,3,Potential Loyalists
14495,51,2,123.80000000000001,3,1,1,5,0,At Risk
14496,312,2,538.8100000000001,1,1,3,5,0,At Risk
14497,309,1,475.37,1,1,3,5,0,At Risk
14498,43,5,1954.37,3,3,5,11,2,Loyal Customers
14499,26,3,782.02,4,2,3,9,2,Loyal Customers
14500,88,3,254.85000000000002,2,2,2,6,0,At Risk
14501,184,2,251.21,1,1,2,4,0,At Risk
14502,20,11,2379.03,4,4,5,13,1,Champions
14503,3,6,3543.26,5,3,5,13,1,Champions
14504,47,4,673.26,3,3,3,9,2,Loyal Customers
14505,17,8,5650.51,4,4,5,13,1,Champions
14506,17,5,1930.39,4,3,4,11,2,Loyal Customers
14507,24,6,1367.88,4,3,4,11,2,Loyal Customers
14508,22,2,263.07,4,1,2,7,3,Potential Loyalists
14511,11,5,1314.81,5,3,4,12,2,Loyal Customers
14512,188,2,275.28,1,1,2,4,0,At Risk
14513,101,3,455.59000000000003,2,2,2,6,0,At Risk
14514,61,3,962.6,3,2,4,9,2,Loyal Customers
14515,18,6,2076.89,4,3,5,12,2,Loyal Customers
14517,33,2,330.45,4,1,2,7,3,Potential Loyalists
14518,64,1,174.37,3,1,1,5,0,At Risk
14520,2,2,270.6,5,1,2,8,3,Potential Loyalists
14522,24,4,974.54,4,3,4,11,2,Loyal Customers
14523,108,1,241.09,2,1,2,5,0,At Risk
14524,32,9,1835.43,4,4,4,12,2,Loyal Customers
14525,20,9,4126.2,4,4,5,13,1,Champions
14527,3,55,8507.13,5,4,5,14,1,Champions
14528,37,1,364.21999999999997,3,1,2,6,3,Potential Loyalists
14529,60,3,553.12,3,2,3,8,2,Loyal Customers
14530,26,6,2855.51,4,3,5,12,2,Loyal Customers
14532,236,4,932.85,1,3,4,8,2,Loyal Customers
14533,25,7,1949.72,4,4,5,13,2,Loyal Customers
14534,3,18,4271.82,5,4,5,14,1,Champions
14535,60,3,2818.27,3,2,5,10,2,Loyal Customers
14536,260,1,170.95,1,1,1,3,0,At Risk
14537,58,1,355.56,3,1,2,6,0,At Risk
14538,65,2,388.25,3,1,2,6,0,At Risk
14539,16,2,537.48,4,1,3,8,3,Potential Loyalists
14540,10,3,909.3100000000001,5,2,4,11,3,Potential Loyalists
14541,59,8,1394.9,3,4,4,11,2,Loyal Customers
14542,186,1,103.25,1,1,1,3,0,At Risk
14543,29,16,3577.83,4,4,5,13,1,Champions
14544,24,2,1999.35,4,1,5,10,2,Loyal Customers
14546,5,5,2547.03,5,3,5,13,1,Champions
14547,4,8,3929.9700000000003,5,4,5,14,1,Champions
14548,151,2,652.8,2,1,3,6,0,At Risk
14549,311,1,289.24,1,1,2,4,0,At Risk
14550,11,2,746.15,5,1,3,9,3,Potential Loyalists
14551,18,2,186.23,4,1,1,6,3,Potential Loyalists
14552,152,1,164.22,2,1,1,4,0,At Risk
14553,19,5,858.43,4,3,3,10,2,Loyal Customers
14554,10,4,2187.21,5,3,5,13,2,Loyal Customers
14555,57,2,312.54,3,1,2,6,0,At Risk
14557,85,1,788.38,2,1,3,6,0,At Risk
14560,7,22,2237.77,5,4,5,14,1,Champions
14561,76,3,1080.76,2,2,4,8,2,Loyal Customers
14562,4,18,4950.37,5,4,5,14,1,Champions
14565,96,4,3099.12,2,3,5,10,2,Loyal Customers
14567,57,2,1530.3600000000001,3,1,4,8,2,Loyal Customers
14569,1,1,219.39,5,1,1,7,3,Potential Loyalists
14570,281,2,218.06,1,1,1,3,0,At Risk
14572,3,7,2702.38,5,4,5,14,1,Champions
14573,180,9,1615.67,1,4,4,9,2,Loyal Customers
14576,372,1,35.400000000000006,1,1,1,3,0,At Risk
14577,13,4,820.41,5,3,3,11,3,Potential Loyalists
14578,3,1,168.63,5,1,1,7,3,Potential Loyalists
14581,17,1,133.6,4,1,1,6,3,Potential Loyalists
14582,41,1,114.11,3,1,1,5,0,At Risk
14583,6,5,944.01,5,3,4,12,3,Potential Loyalists
14584,169,4,1033.06,2,3,4,9,2,Loyal Customers
14585,50,1,157.05,3,1,1,5,0,At Risk
14586,277,1,237.35999999999999,1,1,2,4,0,At Risk
14587,19,9,1566.59,4,4,4,12,1,Champions
14589,372,1,39.75,1,1,1,3,0,At Risk
14591,15,4,1274.72,4,3,4,11,2,Loyal Customers
14592,35,3,555.74,3,2,3,8,3,Potential Loyalists
14593,22,3,595.63,4,2,3,9,3,Potential Loyalists
14594,7,2,356.75,5,1,2,8,3,Potential Loyalists
14595,20,6,1740.6000000000001,4,3,4,11,2,Loyal Customers
14597,11,2,835.52,5,1,3,9,3,Potential Loyalists
14598,44,1,218.67,3,1,1,5,0,At Risk
14600,306,1,393.33000000000004,1,1,2,4,0,At Risk
14601,11,1,213.96,5,1,1,7,3,Potential Loyalists
14603,275,1,660.0,1,1,3,5,0,At Risk
14606,1,93,12029.27,5,4,5,14,1,Champions
14607,16,14,16137.5,4,4,5,13,1,Champions
14608,4,4,1785.15,5,3,4,12,1,Champions
14609,72,4,601.56,2,3,3,8,2,Loyal Customers
14616,243,3,406.08000000000004,1,2,2,5,0,At Risk
14618,9,3,533.64,5,2,3,10,3,Potential Loyalists
14619,246,1,394.44,1,1,2,4,0,At Risk
14620,206,2,412.78000000000003,1,1,2,4,0,At Risk
14621,1,5,1788.3600000000001,5,3,4,12,1,Champions
14622,185,1,320.58000000000004,1,1,2,4,0,At Risk
14623,32,5,885.0500000000001,4,3,3,10,2,Loyal Customers
14624,57,2,225.85,3,1,1,5,0,At Risk
14625,196,2,899.63,1,1,4,6,0,At Risk
14626,24,4,2791.27,4,3,5,12,2,Loyal Customers
14628,91,2,671.96,2,1,3,6,0,At Risk
14629,4,2,948.05,5,1,4,10,3,Potential Loyalists
14631,51,3,1006.98,3,2,4,9,2,Loyal Customers
14632,263,1,114.56,1,1,1,3,0,At Risk
14633,266,1,344.90000000000003,1,1,2,4,0,At Risk
14636,36,2,609.85,3,1,3,7,3,Potential Loyalists
14638,51,1,443.6,3,1,2,6,0,At Risk
14639,52,6,2984.4900000000002,3,3,5,11,2,Loyal Customers
14640,24,6,2107.38,4,3,5,12,2,Loyal Customers
14641,22,1,110.46000000000001,4,1,1,6,3,Potential Loyalists
14642,59,1,96.12,3,1,1,5,0,At Risk
14643,170,2,693.8100000000001,2,1,3,6,0,At Risk
14644,68,2,830.76,3,1,3,7,2,Loyal Customers
14645,157,2,597.09,2,1,3,6,0,At Risk
14647,201,1,213.82,1,1,1,3,0,At Risk
14649,5,4,1363.95,5,3,4,12,3,Potential Loyalists
14651,67,2,653.75,3,1,3,7,2,Loyal Customers
14652,77,1,114.18,2,1,1,4,0,At Risk
14653,1,7,1924.16,5,4,4,13,1,Champions
14655,8,4,1932.23,5,3,5,13,2,Loyal Customers
14656,169,2,284.05,2,1,2,5,0,At Risk
14657,18,4,794.47,4,3,3,10,2,Loyal Customers
14658,5,2,247.15,5,1,2,8,3,Potential Loyalists
14659,9,9,2520.03,5,4,5,14,1,Champions
14660,87,2,285.74,2,1,2,5,0,At Risk
14661,27,1,107.95,4,1,1,6,3,Potential Loyalists
14662,29,4,719.78,4,3,3,10,2,Loyal Customers
14664,20,2,619.16,4,1,3,8,3,Potential Loyalists
14665,61,5,1835.7,3,3,4,10,2,Loyal Customers
14666,24,1,195.25,4,1,1,6,3,Potential Loyalists
14667,11,25,9042.5,5,4,5,14,1,Champions
14669,242,3,1233.73,1,2,4,7,2,Loyal Customers
14670,280,2,381.53,1,1,2,4,0,At Risk
14672,235,2,765.5500000000001,1,1,3,5,0,At Risk
14673,3,5,1736.4,5,3,4,12,1,Champions
14675,16,1,575.76,4,1,3,8,3,Potential Loyalists
14676,31,6,2548.2400000000002,4,3,5,12,2,Loyal Customers
14680,25,16,28754.11,4,4,5,13,1,Champions
14681,71,3,498.95,3,2,3,8,2,Loyal Customers
14682,188,2,52.0,1,1,1,3,0,At Risk
14684,26,5,1197.3,4,3,4,11,2,Loyal Customers
14687,107,1,628.38,2,1,3,6,0,At Risk
14688,8,21,5572.45,5,4,5,14,1,Champions
14689,209,1,112.80000000000001,1,1,1,3,0,At Risk
14690,44,2,355.05,3,1,2,6,3,Potential Loyalists
14691,31,5,2114.33,4,3,5,12,2,Loyal Customers
14692,137,4,562.35,2,3,3,8,2,Loyal Customers
14693,264,1,172.9,1,1,1,3,0,At Risk
14696,4,7,2078.95,5,4,5,14,1,Champions
14697,218,2,188.61,1,1,1,3,0,At Risk
14698,2,5,1185.17,5,3,4,12,1,Champions
14699,214,1,109.13000000000001,1,1,1,3,0,At Risk
14700,32,3,2174.45,4,2,5,11,2,Loyal Customers
14701,11,9,2495.91,5,4,5,14,1,Champions
14702,1,17,3251.79,5,4,5,14,1,Champions
14703,15,1,318.17,4,1,2,7,3,Potential Loyalists
14704,11,9,1410.96,5,4,4,13,1,Champions
14705,199,1,179.0,1,1,1,3,0,At Risk
14708,3,3,1126.3700000000001,5,2,4,11,3,Potential Loyalists
14709,15,13,4921.04,4,4,5,13,1,Champions
14710,14,4,578.78,4,3,3,10,3,Potential Loyalists
14711,10,11,2813.85,5,4,5,14,1,Champions
14712,29,3,917.07,4,2,4,10,2,Loyal Customers
14713,9,11,2658.9,5,4,5,14,1,Champions
14714,24,1,160.19,4,1,1,6,3,Potential Loyalists
14715,25,4,867.38,4,3,3,10,2,Loyal Customers
14716,43,2,299.24,3,1,2,6,3,Potential Loyalists
14719,2,5,1563.14,5,3,4,12,1,Champions
14720,6,3,663.81,5,2,3,10,3,Potential Loyalists
14722,147,1,180.42,2,1,1,4,0,At Risk
14723,10,6,1039.02,5,3,4,12,2,Loyal Customers
14725,25,1,602.88,4,1,3,8,3,Potential Loyalists
14727,274,1,268.58,1,1,2,4,0,At Risk
14729,374,1,307.64,1,1,2,4,0,At Risk
14730,1,8,1787.13,5,4,4,13,1,Champions
14731,47,3,373.42,3,2,2,7,3,Potential Loyalists
14732,8,8,2702.4900000000002,5,4,5,14,1,Champions
14733,16,12,9585.91,4,4,5,13,1,Champions
14735,4,32,6065.6900000000005,5,4,5,14,1,Champions
14737,4,3,1164.55,5,2,4,11,3,Potential Loyalists
14738,43,7,1314.45,3,4,4,11,2,Loyal Customers
14739,4,7,3902.28,5,4,5,14,1,Champions
14740,197,3,1448.21,1,2,4,7,2,Loyal Customers
14741,12,6,1400.3400000000001,5,3,4,12,1,Champions
14744,16,7,1099.98,4,4,4,12,2,Loyal Customers
14745,113,5,1220.26,2,3,4,9,2,Loyal Customers
14747,249,1,328.2,1,1,2,4,0,At Risk
14748,29,5,1415.75,4,3,4,11,2,Loyal Customers
14752,44,1,389.64000000000004,3,1,2,6,3,Potential Loyalists
14753,87,1,563.15,2,1,3,6,0,At Risk
14754,45,2,638.05,3,1,3,7,3,Potential Loyalists
14755,10,11,5010.28,5,4,5,14,1,Champions
14756,15,1,738.96,4,1,3,8,3,Potential Loyalists
14757,75,1,420.5,2,1,2,5,0,At Risk
14758,145,4,1484.06,2,3,4,9,2,Loyal Customers
14759,5,3,1625.97,5,2,4,11,3,Potential Loyalists
14760,297,1,89.2,1,1,1,3,0,At Risk
14761,59,2,255.9,3,1,2,6,0,At Risk
14762,264,1,300.52,1,1,2,4,0,At Risk
14764,47,1,278.3,3,1,2,6,0,At Risk
14765,29,3,254.11,4,2,2,8,3,Potential Loyalists
14766,8,6,2473.37,5,3,5,13,1,Champions
14768,17,2,192.60000000000002,4,1,1,6,3,Potential Loyalists
14769,3,8,10204.13,5,4,5,14,1,Champions
14770,232,2,876.4200000000001,1,1,3,5,0,At Risk
14772,112,1,139.26,2,1,1,4,0,At Risk
14775,58,3,1011.9,3,2,4,9,2,Loyal Customers
14776,51,11,2538.2999999999997,3,4,5,12,1,Champions
14778,127,2,730.86,2,1,3,6,0,At Risk
14779,281,3,386.15,1,2,2,5,0,At Risk
14780,55,2,447.68,3,1,2,6,3,Potential Loyalists
14782,320,1,200.10000000000002,1,1,1,3,0,At Risk
14784,26,2,289.99,4,1,2,7,3,Potential Loyalists
14785,10,2,77.4,5,1,1,7,3,Potential Loyalists
14788,7,2,679.44,5,1,3,9,3,Potential Loyalists
14789,29,1,197.64,4,1,1,6,3,Potential Loyalists
14790,17,4,745.06,4,3,3,10,3,Potential Loyalists
14792,64,1,6.2,3,1,1,5,0,At Risk
14793,21,1,228.99,4,1,1,6,3,Potential Loyalists
14794,3,7,1319.91,5,4,4,13,1,Champions
14795,166,1,131.45000000000002,2,1,1,4,0,At Risk
14796,1,17,7868.39,5,4,5,14,1,Champions
14798,53,3,173.74,3,2,1,6,0,At Risk
14799,51,1,157.7,3,1,1,5,0,At Risk
14800,48,12,4302.03,3,4,5,12,1,Champions
14801,61,1,188.09,3,1,1,5,0,At Risk
14803,162,3,549.75,2,2,3,7,0,At Risk
14804,9,1,353.27,5,1,2,8,3,Potential Loyalists
14805,15,4,546.4,4,3,3,10,3,Potential Loyalists
14806,75,1,193.39000000000001,2,1,1,4,0,At Risk
14808,40,8,2616.6,3,4,5,12,2,Loyal Customers
14810,41,11,2042.73,3,4,5,12,1,Champions
14813,370,2,112.67999999999999,1,1,1,3,0,At Risk
14815,37,2,778.5,3,1,3,7,3,Potential Loyalists
14816,197,1,271.85,1,1,2,4,0,At Risk
14817,200,2,1110.34,1,1,4,6,2,Loyal Customers
14818,74,3,657.8,2,2,3,7,2,Loyal Customers
14819,64,2,272.07,3,1,2,6,0,At Risk
14820,21,4,507.29,4,3,3,10,3,Potential Loyalists
14821,367,1,48.800000000000004,1,1,1,3,0,At Risk
14823,180,3,321.43,1,2,2,5,0,At Risk
14824,10,4,1127.71,5,3,4,12,3,Potential Loyalists
14825,4,12,2202.61,5,4,5,14,1,Champions
14828,197,3,2139.76,1,2,5,8,2,Loyal Customers
14829,29,4,697.55,4,3,3,10,2,Loyal Customers
14830,53,1,188.88,3,1,1,5,0,At Risk
14834,18,6,1720.3,4,3,4,11,2,Loyal Customers
14836,10,3,102.45,5,2,1,8,3,Potential Loyalists
14837,90,4,1649.5,2,3,4,9,2,Loyal Customers
14840,268,1,62.85,1,1,1,3,0,At Risk
14841,53,6,3295.76,3,3,5,11,2,Loyal Customers
14842,44,4,2824.69,3,3,5,11,2,Loyal Customers
14844,64,4,3189.81,3,3,5,11,2,Loyal Customers
14847,149,1,309.40000000000003,2,1,2,5,0,At Risk
14849,22,25,7930.54,4,4,5,13,1,Champions
14850,312,1,325.75,1,1,2,4,0,At Risk
14851,23,2,511.35,4,1,3,8,3,Potential Loyalists
14852,58,6,2836.69,3,3,5,11,2,Loyal Customers
14853,24,2,475.8,4,1,3,8,3,Potential Loyalists
14854,78,7,2740.03,2,4,5,11,2,Loyal Customers
14855,119,2,645.65,2,1,3,6,0,At Risk
14856,36,3,1290.53,3,2,4,9,2,Loyal Customers
14857,60,2,1173.1200000000001,3,1,4,8,2,Loyal Customers
14859,13,4,1353.74,5,3,4,12,2,Loyal Customers
14860,19,1,170.32,4,1,1,6,3,Potential Loyalists
14861,52,1,125.79,3,1,1,5,0,At Risk
14862,26,2,841.2,4,1,3,8,3,Potential Loyalists
14863,29,1,266.76,4,1,2,7,3,Potential Loyalists
14865,7,2,52.2,5,1,1,7,3,Potential Loyalists
14866,11,12,14389.9,5,4,5,14,1,Champions
14867,186,3,710.28,1,2,3,6,2,Loyal Customers
14868,3,8,2953.59,5,4,5,14,1,Champions
14869,9,2,717.7,5,1,3,9,3,Potential Loyalists
14870,262,1,327.25,1,1,2,4,0,At Risk
14871,3,4,497.98,5,3,3,11,3,Potential Loyalists
14873,210,1,519.68,1,1,3,5,0,At Risk
14875,108,2,1465.32,2,1,4,7,2,Loyal Customers
14878,13,9,1469.45,5,4,4,13,1,Champions
14880,77,3,690.59,2,2,3,7,2,Loyal Customers
14881,20,1,255.4,4,1,2,7,3,Potential Loyalists
14882,27,2,589.7,4,1,3,8,3,Potential Loyalists
14883,19,6,761.59,4,3,3,10,2,Loyal Customers
14885,132,1,765.3199999999999,2,1,3,6,0,At Risk
14886,253,1,364.8,1,1,2,4,0,At Risk
14887,79,1,1862.0,2,1,4,7,2,Loyal Customers
14888,207,1,369.2,1,1,2,4,0,At Risk
14889,336,1,135.9,1,1,1,3,0,At Risk
14890,254,1,125.65,1,1,1,3,0,At Risk
14891,148,2,554.38,2,1,3,6,0,At Risk
14893,10,2,1237.8500000000001,5,1,4,10,3,Potential Loyalists
14894,85,1,655.75,2,1,3,6,0,At Risk
14895,8,20,11138.710000000001,5,4,5,14,1,Champions
14896,205,2,468.77000000000004,1,1,3,5,0,At Risk
14897,8,4,1366.38,5,3,4,12,3,Potential Loyalists
14898,23,6,1230.54,4,3,4,11,2,Loyal Customers
14901,11,9,1391.79,5,4,4,13,1,Champions
14902,26,1,332.66,4,1,2,7,3,Potential Loyalists
14903,21,5,2785.98,4,3,5,12,2,Loyal Customers
14904,2,2,1025.44,5,1,4,10,3,Potential Loyalists
14905,158,2,616.15,2,1,3,6,0,At Risk
14907,3,7,3501.1,5,4,5,14,1,Champions
14908,74,1,277.8,2,1,2,5,0,At Risk
14910,3,4,434.35,5,3,2,10,3,Potential Loyalists
14913,36,4,1227.43,3,3,4,10,2,Loyal Customers
14915,91,2,307.48,2,1,2,5,0,At Risk
14916,71,4,1268.98,3,3,4,10,2,Loyal Customers
14918,116,2,1610.15,2,1,4,7,2,Loyal Customers
14920,213,2,977.77,1,1,4,6,0,At Risk
14921,30,2,1316.07,4,1,4,9,2,Loyal Customers
14923,51,1,749.1,3,1,3,7,3,Potential Loyalists
14924,246,1,310.05,1,1,2,4,0,At Risk
14929,32,1,223.88,4,1,1,6,3,Potential Loyalists
14944,30,12,5900.25,4,4,5,13,1,Champions
14946,14,1,100.9,4,1,1,6,3,Potential Loyalists
14947,72,2,290.82,2,1,2,5,0,At Risk
14948,23,6,1101.97,4,3,4,11,2,Loyal Customers
14950,19,1,371.2,4,1,2,7,3,Potential Loyalists
14951,79,1,311.69,2,1,2,5,0,At Risk
14952,60,11,8099.49,3,4,5,12,1,Champions
14953,25,1,285.67,4,1,2,7,3,Potential Loyalists
14954,12,1,266.85,5,1,2,8,3,Potential Loyalists
14957,253,1,58.49,1,1,1,3,0,At Risk
14958,147,3,483.73,2,2,3,7,0,At Risk
14959,64,4,689.17,3,3,3,9,2,Loyal Customers
14960,8,2,202.06,5,1,1,7,3,Potential Loyalists
14961,11,9,7044.68,5,4,5,14,1,Champions
14962,271,1,126.7,1,1,1,3,0,At Risk
14963,10,5,1413.67,5,3,4,12,2,Loyal Customers
14964,247,1,206.21,1,1,1,3,0,At Risk
14965,96,2,592.84,2,1,3,6,0,At Risk
14966,15,1,181.77,4,1,1,6,3,Potential Loyalists
14967,50,1,463.8,3,1,3,7,0,At Risk
14968,30,1,147.59,4,1,1,6,3,Potential Loyalists
14970,68,4,1592.06,3,3,4,10,2,Loyal Customers
14971,35,3,1068.0,3,2,4,9,2,Loyal Customers
14972,128,1,114.77,2,1,1,4,0,At Risk
14973,107,3,1314.45,2,2,4,8,2,Loyal Customers
14974,37,1,89.94,3,1,1,5,0,At Risk
14975,57,1,279.94,3,1,2,6,0,At Risk
14976,57,7,790.86,3,4,3,10,2,Loyal Customers
14978,72,5,1910.1200000000001,2,3,4,9,2,Loyal Customers
14981,246,1,102.12,1,1,1,3,0,At Risk
14984,19,2,202.37,4,1,1,6,3,Potential Loyalists
14985,198,2,288.71,1,1,2,4,0,At Risk
14987,16,2,326.4,4,1,2,7,3,Potential Loyalists
14988,212,1,334.54,1,1,2,4,0,At Risk
14995,39,2,231.98000000000002,3,1,1,5,3,Potential Loyalists
14997,46,3,546.1999999999999,3,2,3,8,2,Loyal Customers
14998,170,2,399.65,2,1,2,5,0,At Risk
15000,48,1,489.67,3,1,3,7,3,Potential Loyalists
15002,116,4,1560.16,2,3,4,9,2,Loyal Customers
15004,147,1,1220.77,2,1,4,7,0,At Risk
15005,16,28,6241.98,4,4,5,13,1,Champions
15006,51,1,412.83,3,1,2,6,0,At Risk
15007,159,1,156.91,2,1,1,4,0,At Risk
15009,12,3,1255.18,5,2,4,11,3,Potential Loyalists
15010,36,1,308.94,3,1,2,6,3,Potential Loyalists
15012,54,2,384.22,3,1,2,6,3,Potential Loyalists
15014,43,2,168.47,3,1,1,5,3,Potential Loyalists
15016,173,1,170.04,2,1,1,4,0,At Risk
15017,34,1,125.58,3,1,1,5,3,Potential Loyalists
15018,39,3,496.21,3,2,3,8,3,Potential Loyalists
15019,267,1,235.01,1,1,1,3,0,At Risk
15021,9,9,1832.38,5,4,4,13,1,Champions
15022,12,4,819.69,5,3,3,11,3,Potential Loyalists
15023,3,11,6673.2300000000005,5,4,5,14,1,Champions
15024,10,10,1624.43,5,4,4,13,1,Champions
15025,33,1,356.96,4,1,2,7,3,Potential Loyalists
15026,80,3,469.0,2,2,3,7,2,Loyal Customers
15027,31,4,1015.15,4,3,4,11,2,Loyal Customers
15028,8,4,615.88,5,3,3,11,3,Potential Loyalists
15030,72,2,518.28,2,1,3,6,0,At Risk
15031,4,4,653.19,5,3,3,11,3,Potential Loyalists
15032,256,3,4949.2,1,2,5,8,2,Loyal Customers
15033,5,10,2481.86,5,4,5,14,1,Champions
15034,16,8,4272.51,4,4,5,13,1,Champions
15035,90,1,241.48000000000002,2,1,2,5,0,At Risk
15036,72,3,420.64,2,2,2,6,2,Loyal Customers
15038,59,6,675.99,3,3,3,9,2,Loyal Customers
15039,10,47,19621.56,5,4,5,14,1,Champions
15041,170,1,179.93,2,1,1,4,0,At Risk
15042,199,1,135.93,1,1,1,3,0,At Risk
15043,31,1,537.0,4,1,3,8,3,Potential Loyalists
15044,19,17,7431.49,4,4,5,13,1,Champions
15045,152,2,735.66,2,1,3,6,0,At Risk
15046,9,15,5087.92,5,4,5,14,1,Champions
15047,270,1,343.62,1,1,2,4,0,At Risk
15048,65,4,381.0,3,3,2,8,2,Loyal Customers
15049,274,1,121.17000000000002,1,1,1,3,0,At Risk
15050,25,3,1644.8,4,2,4,10,2,Loyal Customers
15051,23,3,1363.66,4,2,4,10,2,Loyal Customers
15052,319,1,204.78,1,1,1,3,0,At Risk
15053,5,3,684.23,5,2,3,10,3,Potential Loyalists
15054,12,2,300.68,5,1,2,8,3,Potential Loyalists
15057,275,2,1489.5,1,1,4,6,2,Loyal Customers
15058,25,11,2061.82,4,4,5,13,1,Champions
15059,41,9,1316.73,3,4,4,11,2,Loyal Customers
15060,8,4,288.5,5,3,2,10,3,Potential Loyalists
15061,4,48,54534.14,5,4,5,14,1,Champions
15062,71,4,987.86,3,3,4,10,2,Loyal Customers
15063,213,1,370.79999999999995,1,1,2,4,0,At Risk
15065,38,4,3158.13,3,3,5,11,2,Loyal Customers
15066,53,1,893.59,3,1,4,8,3,Potential Loyalists
15067,78,3,1744.76,2,2,4,8,2,Loyal Customers
15068,46,2,553.36,3,1,3,7,3,Potential Loyalists
15069,179,1,1109.53,1,1,4,6,0,At Risk
15070,373,1,106.2,1,1,1,3,0,At Risk
15071,94,2,982.07,2,1,4,7,2,Loyal Customers
15073,10,3,1043.41,5,2,4,11,3,Potential Loyalists
15074,105,1,735.67,2,1,3,6,0,At Risk
15075,78,1,773.03,2,1,3,6,0,At Risk
15076,173,1,880.85,2,1,3,6,0,At Risk
15078,7,32,9743.11,5,4,5,14,1,Champions
15079,213,4,895.61,1,3,4,8,2,Loyal Customers
15081,22,5,504.8,4,3,3,10,2,Loyal Customers
15083,257,1,88.2,1,1,1,3,0,At Risk
15087,282,1,306.94,1,1,2,4,0,At Risk
15088,21,2,1160.07,4,1,4,9,3,Potential Loyalists
15089,10,6,2420.84,5,3,5,13,1,Champions
15090,308,1,381.32,1,1,2,4,0,At Risk
15091,68,1,480.71,3,1,3,7,0,At Risk
15092,215,2,457.81,1,1,2,4,0,At Risk
15093,18,6,4597.02,4,3,5,12,1,Champions
15095,104,4,1370.6000000000001,2,3,4,9,2,Loyal Customers
15096,43,1,219.39000000000001,3,1,1,5,0,At Risk
15097,4,1,248.08,5,1,2,8,3,Potential Loyalists
15098,182,3,39916.5,1,2,5,8,2,Loyal Customers
15099,84,1,410.48,2,1,2,5,0,At Risk
15100,334,3,876.0,1,2,3,6,0,At Risk
15101,9,2,317.53000000000003,5,1,2,8,3,Potential Loyalists
15103,31,2,703.36,4,1,3,8,3,Potential Loyalists
15104,197,2,993.54,1,1,4,6,0,At Risk
15105,18,7,2298.93,4,4,5,13,1,Champions
15106,18,5,1422.52,4,3,4,11,2,Loyal Customers
15107,311,6,319.5,1,3,2,6,0,At Risk
15109,246,1,484.95,1,1,3,5,0,At Risk
15110,24,4,996.1,4,3,4,11,2,Loyal Customers
15111,29,3,1567.48,4,2,4,10,2,Loyal Customers
15113,10,3,3428.73,5,2,5,12,2,Loyal Customers
15114,30,10,2760.56,4,4,5,13,1,Champions
15115,18,1,340.11,4,1,2,7,3,Potential Loyalists
15116,18,4,1352.75,4,3,4,11,2,Loyal Customers
15117,15,5,1551.78,4,3,4,11,2,Loyal Customers
15118,134,1,244.8,2,1,2,5,0,At Risk
15119,246,1,266.4,1,1,2,4,0,At Risk
15120,134,1,358.82,2,1,2,5,0,At Risk
15121,50,2,457.72,3,1,2,6,3,Potential Loyalists
15122,114,3,1633.78,2,2,4,8,2,Loyal Customers
15123,7,2,2199.31,5,1,5,11,3,Potential Loyalists
15124,23,2,184.19,4,1,1,6,3,Potential Loyalists
15125,25,15,11528.48,4,4,5,13,1,Champions
15127,66,1,406.53000000000003,3,1,2,6,0,At Risk
15128,60,4,1471.0,3,3,4,10,2,Loyal Customers
15129,50,11,3447.4,3,4,5,12,1,Champions
15130,170,1,330.11,2,1,2,5,0,At Risk
15132,18,5,977.9300000000001,4,3,4,11,2,Loyal Customers
15133,128,3,982.42,2,2,4,8,2,Loyal Customers
15134,15,8,1387.99,4,4,4,12,1,Champions
15135,239,1,139.05,1,1,1,3,0,At Risk
15136,3,4,1286.7,5,3,4,12,3,Potential Loyalists
15139,240,2,178.96,1,1,1,3,0,At Risk
15140,52,7,2354.25,3,4,5,12,2,Loyal Customers
15142,46,1,498.74,3,1,3,7,3,Potential Loyalists
15143,226,1,259.45,1,1,2,4,0,At Risk
15144,8,17,6580.4400000000005,5,4,5,14,1,Champions
15145,4,4,1194.73,5,3,4,12,3,Potential Loyalists
15146,165,2,1327.16,2,1,4,7,2,Loyal Customers
15147,240,1,623.5,1,1,3,5,0,At Risk
15148,11,1,301.29,5,1,2,8,3,Potential Loyalists
15149,134,1,520.8000000000001,2,1,3,6,0,At Risk
15150,17,10,5291.33,4,4,5,13,1,Champions
15152,10,13,4745.69,5,4,5,14,1,Champions
15153,31,1,329.25,4,1,2,7,3,Potential Loyalists
15154,75,1,240.18,2,1,2,5,0,At Risk
15156,1,3,961.49,5,2,4,11,3,Potential Loyalists
15157,4,3,1936.07,5,2,5,12,3,Potential Loyalists
15158,45,1,401.40000000000003,3,1,2,6,3,Potential Loyalists
15159,2,30,18641.010000000002,5,4,5,14,1,Champions
15160,357,1,158.16,1,1,1,3,0,At Risk
15163,18,2,304.47,4,1,2,7,3,Potential Loyalists
15164,69,3,814.52,3,2,3,8,2,Loyal Customers
15165,373,1,487.75,1,1,3,5,0,At Risk
15167,321,1,158.8,1,1,1,3,0,At Risk
15168,26,1,106.56,4,1,1,6,3,Potential Loyalists
15171,331,1,1289.5,1,1,4,6,0,At Risk
15172,9,5,1624.05,5,3,4,12,1,Champions
15174,323,1,135.75,1,1,1,3,0,At Risk
15175,72,1,224.14,2,1,1,4,0,At Risk
15178,260,1,40.5,1,1,1,3,0,At Risk
15179,18,5,2206.9500000000003,4,3,5,12,2,Loyal Customers
15180,367,1,87.5,1,1,1,3,0,At Risk
15181,66,3,689.48,3,2,3,8,2,Loyal Customers
15182,154,2,622.85,2,1,3,6,0,At Risk
15184,29,2,402.2,4,1,2,7,3,Potential Loyalists
15185,70,1,310.62,3,1,2,6,0,At Risk
15186,14,2,411.41,4,1,2,7,3,Potential Loyalists
15187,2,16,4777.18,5,4,5,14,1,Champions
15189,1,41,16225.39,5,4,5,14,1,Champions
15192,120,3,1044.32,2,2,4,8,2,Loyal Customers
15193,61,1,499.32,3,1,3,7,0,At Risk
15194,3,15,7616.53,5,4,5,14,1,Champions
15195,3,1,3861.0,5,1,5,11,3,Potential Loyalists
15197,11,3,1079.61,5,2,4,11,3,Potential Loyalists
15198,92,2,193.64,2,1,1,4,0,At Risk
15199,59,4,1268.7,3,3,4,10,2,Loyal Customers
15201,87,5,1236.54,2,3,4,9,2,Loyal Customers
15203,26,6,1827.8,4,3,4,11,2,Loyal Customers
15204,357,1,316.58,1,1,2,4,0,At Risk
15205,85,2,653.24,2,1,3,6,2,Loyal Customers
15206,10,4,420.3,5,3,2,10,3,Potential Loyalists
15208,1,5,870.12,5,3,3,11,1,Champions
15210,225,1,331.18,1,1,2,4,0,At Risk
15211,60,2,894.4100000000001,3,1,4,8,2,Loyal Customers
15212,241,1,101.8,1,1,1,3,0,At Risk
15213,319,2,328.35,1,1,2,4,0,At Risk
15214,2,8,1661.44,5,4,4,13,1,Champions
15215,47,3,734.94,3,2,3,8,2,Loyal Customers
15216,88,1,96.6,2,1,1,4,0,At Risk
15218,11,11,5756.13,5,4,5,14,1,Champions
15219,176,1,305.75,2,1,2,5,0,At Risk
15220,52,6,1778.96,3,3,4,10,2,Loyal Customers
15221,366,1,403.25,1,1,2,4,0,At Risk
15222,319,1,585.0,1,1,3,5,0,At Risk
15223,226,2,755.75,1,1,3,5,0,At Risk
15224,358,2,322.08,1,1,2,4,0,At Risk
15225,234,1,409.40000000000003,1,1,2,4,0,At Risk
15226,311,1,154.41,1,1,1,3,0,At Risk
15227,37,5,1219.4,3,3,4,10,2,Loyal Customers
15228,66,4,3386.71,3,3,5,11,2,Loyal Customers
15230,239,2,429.6,1,1,2,4,0,At Risk
15232,113,2,612.06,2,1,3,6,0,At Risk
15234,277,1,197.0,1,1,1,3,0,At Risk
15235,218,12,2247.51,1,4,5,10,2,Loyal Customers
15236,299,1,321.05,1,1,2,4,0,At Risk
15237,2,4,1412.32,5,3,4,12,1,Champions
15238,29,3,1071.99,4,2,4,10,2,Loyal Customers
15239,10,2,780.59,5,1,3,9,3,Potential Loyalists
15240,45,5,1706.57,3,3,4,10,2,Loyal Customers
15241,67,8,1756.44,3,4,4,11,2,Loyal Customers
15243,74,1,316.68,2,1,2,5,0,At Risk
15244,65,2,631.57,3,1,3,7,2,Loyal Customers
15245,134,3,2515.84,2,2,5,9,2,Loyal Customers
15246,238,2,514.15,1,1,3,5,0,At Risk
15247,122,1,356.0,2,1,2,5,0,At Risk
15249,32,13,6688.46,4,4,5,13,1,Champions
15251,9,11,10484.99,5,4,5,14,1,Champions
15252,36,2,740.78,3,1,3,7,3,Potential Loyalists
15253,16,5,918.2,4,3,4,11,2,Loyal Customers
15254,127,1,300.36,2,1,2,5,0,At Risk
15255,67,1,890.85,3,1,4,8,0,At Risk
15256,149,1,98.45,2,1,1,4,0,At Risk
15257,283,1,317.15,1,1,2,4,0,At Risk
15258,169,2,623.16,2,1,3,6,0,At Risk
15260,100,7,1810.77,2,4,4,10,2,Loyal Customers
15261,135,1,254.82,2,1,2,5,0,At Risk
15262,324,1,178.95000000000002,1,1,1,3,0,At Risk
15263,107,1,156.51,2,1,1,4,0,At Risk
15264,64,1,393.74,3,1,2,6,0,At Risk
15265,151,2,1506.1200000000001,2,1,4,7,2,Loyal Customers
15266,338,1,119.3,1,1,1,3,0,At Risk
15267,22,5,1717.36,4,3,4,11,2,Loyal Customers
15269,24,1,408.8,4,1,2,7,3,Potential Loyalists
15270,16,7,2379.49,4,4,5,13,1,Champions
15271,7,15,2407.36,5,4,5,14,1,Champions
15272,57,2,721.94,3,1,3,7,2,Loyal Customers
15274,4,2,716.57,5,1,3,9,3,Potential Loyalists
15275,38,1,615.14,3,1,3,7,3,Potential Loyalists
15276,66,1,128.63,3,1,1,5,0,At Risk
15277,47,1,255.89999999999998,3,1,2,6,0,At Risk
15279,355,1,290.51,1,1,2,4,0,At Risk
15280,172,1,113.12,2,1,1,4,0,At Risk
15281,59,9,2332.15,3,4,5,12,2,Loyal Customers
15286,50,1,240.55,3,1,2,6,0,At Risk
15287,22,2,486.69,4,1,3,8,3,Potential Loyalists
15288,43,5,2306.52,3,3,5,11,2,Loyal Customers
15289,29,3,939.78,4,2,4,10,2,Loyal Customers
15290,5,18,7943.22,5,4,5,14,1,Champions
15291,26,15,4668.3,4,4,5,13,1,Champions
15292,201,1,178.39,1,1,1,3,0,At Risk
15296,51,6,3672.86,3,3,5,11,2,Loyal Customers
15297,10,3,641.94,5,2,3,10,3,Potential Loyalists
15298,2,12,4799.9,5,4,5,14,1,Champions
15299,67,7,4507.01,3,4,5,12,2,Loyal Customers
15300,64,1,496.44,3,1,3,7,0,At Risk
15301,51,12,5049.95,3,4,5,12,1,Champions
15303,290,1,574.02,1,1,3,5,0,At Risk
15304,61,8,694.4,3,4,3,10,2,Loyal Customers
15306,64,3,1174.3500000000001,3,2,4,9,2,Loyal Customers
15307,96,1,205.3,2,1,1,4,0,At Risk
15308,274,1,310.47,1,1,2,4,0,At Risk
15311,1,91,60596.73,5,4,5,14,1,Champions
15312,75,4,924.85,2,3,4,9,2,Loyal Customers
15313,110,1,52.0,2,1,1,4,0,At Risk
15314,199,1,327.97,1,1,2,4,0,At Risk
15315,64,2,570.5,3,1,3,7,2,Loyal Customers
15316,327,1,165.0,1,1,1,3,0,At Risk
15318,4,1,312.62,5,1,2,8,3,Potential Loyalists
15319,284,1,204.5,1,1,1,3,0,At Risk
15320,44,1,267.13,3,1,2,6,0,At Risk
15321,71,3,2748.31,3,2,5,10,2,Loyal Customers
15322,86,1,679.68,2,1,3,6,0,At Risk
15325,104,1,160.09,2,1,1,4,0,At Risk
15326,334,1,311.71,1,1,2,4,0,At Risk
15327,53,1,208.75,3,1,1,5,0,At Risk
15329,39,3,1049.7,3,2,4,9,2,Loyal Customers
15330,32,2,714.9599999999999,4,1,3,8,3,Potential Loyalists
15333,208,1,1028.56,1,1,4,6,0,At Risk
15334,157,3,347.72,2,2,2,6,0,At Risk
15335,53,1,167.72,3,1,1,5,0,At Risk
15339,66,2,561.62,3,1,3,7,0,At Risk
15341,81,1,2020.52,2,1,5,8,2,Loyal Customers
15342,130,1,406.09000000000003,2,1,2,5,0,At Risk
15343,87,1,364.5,2,1,2,5,0,At Risk
15344,1,3,563.94,5,2,3,10,3,Potential Loyalists
15345,46,1,393.54,3,1,2,6,3,Potential Loyalists
15346,333,1,252.42000000000002,1,1,2,4,0,At Risk
15347,366,1,201.60000000000002,1,1,1,3,0,At Risk
15348,72,1,158.04,2,1,1,4,0,At Risk
15349,158,2,461.36,2,1,3,6,0,At Risk
15350,373,1,115.65,1,1,1,3,0,At Risk
15351,12,7,1872.78,5,4,4,13,1,Champions
15353,255,2,767.62,1,1,3,5,0,At Risk
15355,29,2,277.05,4,1,2,7,3,Potential Loyalists
15356,31,10,2667.42,4,4,5,13,1,Champions
15358,5,22,8347.2,5,4,5,14,1,Champions
15360,40,1,427.93,3,1,2,6,3,Potential Loyalists
15361,362,1,418.92,1,1,2,4,0,At Risk
15363,373,1,326.0,1,1,2,4,0,At Risk
15364,96,2,913.19,2,1,4,7,2,Loyal Customers
15365,26,7,2314.32,4,4,5,13,2,Loyal Customers
15366,75,2,602.51,2,1,3,6,0,At Risk
15367,57,4,1877.5900000000001,3,3,4,10,2,Loyal Customers
15368,21,1,446.94000000000005,4,1,2,7,3,Potential Loyalists
15370,41,7,2123.25,3,4,5,12,2,Loyal Customers
15372,137,1,2007.4,2,1,5,8,2,Loyal Customers
15373,8,12,2389.01,5,4,5,14,1,Champions
15374,129,1,168.0,2,1,1,4,0,At Risk
15376,40,3,1203.86,3,2,4,9,2,Loyal Customers
15379,169,7,3703.29,2,4,5,11,2,Loyal Customers
15380,9,5,1690.26,5,3,4,12,1,Champions
15381,214,2,596.85,1,1,3,5,0,At Risk
15382,15,6,5955.71,4,3,5,12,1,Champions
15384,170,2,642.41,2,1,3,6,0,At Risk
15385,40,1,316.88,3,1,2,6,3,Potential Loyalists
15386,186,1,394.14,1,1,2,4,0,At Risk
15389,172,1,500.0,2,1,3,6,0,At Risk
15392,5,4,1535.53,5,3,4,12,1,Champions
15393,16,2,231.86,4,1,1,6,3,Potential Loyalists
15394,10,4,2183.54,5,3,5,13,2,Loyal Customers
15395,326,1,107.45,1,1,1,3,0,At Risk
15396,113,1,288.18,2,1,2,5,0,At Risk
15397,290,1,94.0,1,1,1,3,0,At Risk
15398,16,2,1345.53,4,1,4,9,3,Potential Loyalists
15399,1,3,815.77,5,2,3,10,3,Potential Loyalists
15400,92,5,716.2,2,3,3,8,2,Loyal Customers
15402,149,2,626.77,2,1,3,6,0,At Risk
15405,189,1,349.1,1,1,2,4,0,At Risk
15406,31,2,501.86,4,1,3,8,3,Potential Loyalists
15407,34,4,1042.63,3,3,4,10,2,Loyal Customers
15408,264,1,267.18,1,1,2,4,0,At Risk
15410,84,8,3450.84,2,4,5,11,2,Loyal Customers
15411,26,4,1342.43,4,3,4,11,2,Loyal Customers
15412,171,1,190.53,2,1,1,4,0,At Risk
15414,10,3,774.9000000000001,5,2,3,10,3,Potential Loyalists
15415,313,1,554.57,1,1,3,5,0,At Risk
15416,65,4,3984.32,3,3,5,11,2,Loyal Customers
15417,85,1,508.8,2,1,3,6,0,At Risk
15419,25,1,135.86,4,1,1,6,3,Potential Loyalists
15421,59,4,950.36,3,3,4,10,2,Loyal Customers
15422,323,2,97.7,1,1,1,3,0,At Risk
15423,38,1,43.5,3,1,1,5,0,At Risk
15424,254,2,383.34,1,1,2,4,0,At Risk
15426,19,5,1340.94,4,3,4,11,2,Loyal Customers
15427,33,3,1366.1,4,2,4,10,2,Loyal Customers
15428,15,1,93.78,4,1,1,6,3,Potential Loyalists
15429,27,2,386.1,4,1,2,7,3,Potential Loyalists
15432,23,1,171.19000000000003,4,1,1,6,3,Potential Loyalists
15433,214,2,533.3,1,1,3,5,0,At Risk
15434,8,5,1041.48,5,3,4,12,3,Potential Loyalists
15435,22,1,149.29,4,1,1,6,3,Potential Loyalists
15436,12,3,1013.52,5,2,4,11,3,Potential Loyalists
15437,262,1,198.86,1,1,1,3,0,At Risk
15438,131,1,156.57999999999998,2,1,1,4,0,At Risk
15440,55,3,381.44,3,2,2,7,2,Loyal Customers
15442,249,1,594.0,1,1,3,5,0,At Risk
15443,2,7,3073.46,5,4,5,14,1,Champions
15444,9,2,1398.46,5,1,4,10,3,Potential Loyalists
15445,264,1,113.5,1,1,1,3,0,At Risk
15447,331,1,155.17000000000002,1,1,1,3,0,At Risk
15448,313,1,494.64,1,1,3,5,0,At Risk
15449,26,3,974.52,4,2,4,10,2,Loyal Customers
15450,30,1,429.84,4,1,2,7,3,Potential Loyalists
15452,30,3,512.78,4,2,3,9,3,Potential Loyalists
15453,2,7,1306.47,5,4,4,13,1,Champions
15454,362,1,161.6,1,1,1,3,0,At Risk
15456,283,3,434.59,1,2,2,5,0,At Risk
15457,262,1,228.67,1,1,1,3,0,At Risk
15458,25,1,161.64,4,1,1,6,3,Potential Loyalists
15460,354,1,199.11,1,1,1,3,0,At Risk
15462,94,3,234.6,2,2,1,5,0,At Risk
15463,29,1,126.14,4,1,1,6,3,Potential Loyalists
15464,338,1,1044.65,1,1,4,6,0,At Risk
15465,20,18,7354.62,4,4,5,13,1,Champions
15466,85,1,331.13,2,1,2,5,0,At Risk
15467,9,3,522.93,5,2,3,10,3,Potential Loyalists
15468,51,2,467.51,3,1,3,7,3,Potential Loyalists
15469,50,2,538.55,3,1,3,7,3,Potential Loyalists
15471,2,1,426.40999999999997,5,1,2,8,3,Potential Loyalists
15472,113,1,371.56,2,1,2,5,0,At Risk
15473,14,7,1771.2,4,4,4,12,1,Champions
15475,77,1,454.11,2,1,2,5,0,At Risk
15478,40,2,1399.92,3,1,4,8,2,Loyal Customers
15482,16,12,10879.76,4,4,5,13,1,Champions
15483,161,4,220.65,2,3,1,6,0,At Risk
15484,1,4,3590.41,5,3,5,13,1,Champions
15485,30,3,2564.5,4,2,5,11,2,Loyal Customers
15488,93,1,91.32000000000001,2,1,1,4,0,At Risk
15489,23,3,1134.28,4,2,4,10,2,Loyal Customers
15491,95,6,3100.09,2,3,5,10,2,Loyal Customers
15492,28,2,659.46,4,1,3,8,3,Potential Loyalists
15493,33,5,1831.79,4,3,4,11,2,Loyal Customers
15494,21,2,1265.28,4,1,4,9,3,Potential Loyalists
15497,18,2,1262.2,4,1,4,9,3,Potential Loyalists
15498,3,27,13316.4,5,4,5,14,1,Champions
15500,8,4,1131.56,5,3,4,12,3,Potential Loyalists
15502,16,12,10232.71,4,4,5,13,1,Champions
15503,363,1,141.04,1,1,1,3,0,At Risk
15504,81,1,52.83,2,1,1,4,0,At Risk
15505,53,5,3610.96,3,3,5,11,2,Loyal Customers
15506,23,3,916.76,4,2,4,10,2,Loyal Customers
15507,172,1,414.21,2,1,2,5,0,At Risk
15508,189,6,1000.27,1,3,4,8,2,Loyal Customers
15510,331,1,250.0,1,1,2,4,0,At Risk
15511,12,5,883.63,5,3,3,11,2,Loyal Customers
15512,156,2,121.0,2,1,1,4,0,At Risk
15513,33,19,14758.22,4,4,5,13,1,Champions
15514,12,11,3880.92,5,4,5,14,1,Champions
15516,45,3,62.43,3,2,1,6,0,At Risk
15517,233,1,267.03,1,1,2,4,0,At Risk
15518,64,8,1880.6,3,4,4,11,2,Loyal Customers
15520,2,1,343.5,5,1,2,8,3,Potential Loyalists
15521,40,8,3000.2,3,4,5,12,2,Loyal Customers
15522,33,2,387.49,4,1,2,7,3,Potential Loyalists
15523,84,1,412.01000000000005,2,1,2,5,0,At Risk
15524,25,1,440.0,4,1,2,7,3,Potential Loyalists
15525,2,3,692.96,5,2,3,10,3,Potential Loyalists
15526,33,2,148.44,4,1,1,6,3,Potential Loyalists
15527,19,8,2330.93,4,4,5,13,1,Champions
15528,254,1,229.33,1,1,1,3,0,At Risk
15529,23,11,3940.31,4,4,5,13,1,Champions
15530,22,4,1471.51,4,3,4,11,2,Loyal Customers
15531,8,2,1959.17,5,1,5,11,3,Potential Loyalists
15532,25,4,1554.29,4,3,4,11,2,Loyal Customers
15533,19,3,807.57,4,2,3,9,3,Potential Loyalists
15535,173,4,495.4,2,3,3,8,2,Loyal Customers
15537,163,1,110.92,2,1,1,4,0,At Risk
15539,7,1,538.46,5,1,3,9,3,Potential Loyalists
15540,11,1,213.3,5,1,1,7,3,Potential Loyalists
15541,114,1,85.13000000000001,2,1,1,4,0,At Risk
15543,288,1,126.16,1,1,1,3,0,At Risk
15544,9,9,3546.71,5,4,5,14,1,Champions
15545,54,2,288.96999999999997,3,1,2,6,0,At Risk
15547,7,14,4838.18,5,4,5,14,1,Champions
15549,77,3,1635.91,2,2,4,8,2,Loyal Customers
15550,4,4,575.63,5,3,3,11,3,Potential Loyalists
15551,37,1,436.06,3,1,2,6,3,Potential Loyalists
15552,217,1,90.12,1,1,1,3,0,At Risk
15553,60,1,406.08,3,1,2,6,0,At Risk
15554,278,1,217.2,1,1,1,3,0,At Risk
15555,12,16,4770.03,5,4,5,14,1,Champions
15556,24,1,279.77,4,1,2,7,3,Potential Loyalists
15557,29,1,407.63,4,1,2,7,3,Potential Loyalists
15561,12,4,800.5899999999999,5,3,3,11,3,Potential Loyalists
15562,352,1,134.55,1,1,1,3,0,At Risk
15563,22,4,1400.44,4,3,4,11,2,Loyal Customers
15565,50,2,173.16000000000003,3,1,1,5,0,At Risk
15567,19,1,186.01,4,1,1,6,3,Potential Loyalists
15568,3,3,758.29,5,2,3,10,3,Potential Loyalists
15569,104,5,1375.71,2,3,4,9,2,Loyal Customers
15570,7,12,4023.77,5,4,5,14,1,Champions
15571,12,4,640.1,5,3,3,11,3,Potential Loyalists
15572,5,7,2498.95,5,4,5,14,1,Champions
15573,32,2,551.37,4,1,3,8,3,Potential Loyalists
15574,178,4,638.97,2,3,3,8,2,Loyal Customers
15576,38,1,921.37,3,1,4,8,3,Potential Loyalists
15577,151,3,258.88,2,2,2,6,0,At Risk
15578,162,1,127.1,2,1,1,4,0,At Risk
15579,69,2,301.04,3,1,2,6,0,At Risk
15581,121,12,3421.52,2,4,5,11,2,Loyal Customers
15582,25,3,682.9100000000001,4,2,3,9,3,Potential Loyalists
15584,24,4,720.86,4,3,3,10,2,Loyal Customers
15585,177,1,455.3,2,1,2,5,0,At Risk
15587,50,4,913.68,3,3,4,10,2,Loyal Customers
15589,256,3,478.53,1,2,3,6,0,At Risk
15592,47,1,388.58,3,1,2,6,0,At Risk
15593,71,1,199.8,3,1,1,5,0,At Risk
15594,16,5,1771.78,4,3,4,11,2,Loyal Customers
15596,101,5,1406.59,2,3,4,9,2,Loyal Customers
15597,35,1,324.57,3,1,2,6,3,Potential Loyalists
15598,53,1,240.68,3,1,2,6,0,At Risk
15599,27,2,761.74,4,1,3,8,3,Potential Loyalists
15601,11,14,6776.56,5,4,5,14,1,Champions
15602,8,9,1297.8700000000001,5,4,4,13,1,Champions
15603,79,1,48.480000000000004,2,1,1,4,0,At Risk
15604,52,1,216.39000000000001,3,1,1,5,0,At Risk
15605,36,5,1198.23,3,3,4,10,2,Loyal Customers
15606,61,9,2920.16,3,4,5,12,2,Loyal Customers
15607,337,1,104.76,1,1,1,3,0,At Risk
15608,28,4,1093.68,4,3,4,11,2,Loyal Customers
15609,184,1,298.48,1,1,2,4,0,At Risk
15610,52,1,112.46000000000001,3,1,1,5,0,At Risk
15611,10,13,1591.45,5,4,4,13,1,Champions
15612,36,2,195.15,3,1,1,5,3,Potential Loyalists
15615,10,23,10399.74,5,4,5,14,1,Champions
15618,33,4,776.851,4,3,3,10,2,Loyal Customers
15619,11,1,336.4,5,1,2,8,3,Potential Loyalists
15620,57,3,1553.18,3,2,4,9,2,Loyal Customers
15621,4,4,1214.07,5,3,4,12,3,Potential Loyalists
15622,43,9,3709.56,3,4,5,12,1,Champions
15623,141,1,301.03000000000003,2,1,2,5,0,At Risk
15624,117,4,588.13,2,3,3,8,2,Loyal Customers
15625,104,4,1534.26,2,3,4,9,2,Loyal Customers
15626,75,2,675.8,2,1,3,6,2,Loyal Customers
15628,5,9,2870.2400000000002,5,4,5,14,1,Champions
15630,45,2,1186.35,3,1,4,8,2,Loyal Customers
15632,16,8,3285.31,4,4,5,13,1,Champions
15634,17,1,243.55,4,1,2,7,3,Potential Loyalists
15636,90,2,724.76,2,1,3,6,2,Loyal Customers
15637,53,1,223.36,3,1,1,5,0,At Risk
15639,134,1,425.32,2,1,2,5,0,At Risk
15640,4,15,12339.37,5,4,5,14,1,Champions
15641,105,4,1887.2,2,3,4,9,2,Loyal Customers
15643,192,3,664.0,1,2,3,6,2,Loyal Customers
15644,166,4,784.2,2,3,3,8,2,Loyal Customers
15645,19,1,604.54,4,1,3,8,3,Potential Loyalists
15646,158,3,447.64000000000004,2,2,2,6,0,At Risk
15648,204,2,639.5,1,1,3,5,0,At Risk
15649,336,2,816.0,1,1,3,5,0,At Risk
15651,37,3,646.3,3,2,3,8,2,Loyal Customers
15652,91,1,337.74,2,1,2,5,0,At Risk
15653,93,2,877.44,2,1,3,6,2,Loyal Customers
15654,9,2,922.53,5,1,4,10,3,Potential Loyalists
15655,243,1,560.6700000000001,1,1,3,5,0,At Risk
15656,45,4,748.5,3,3,3,9,2,Loyal Customers
15657,23,1,30.0,4,1,1,6,3,Potential Loyalists
15658,190,5,1024.1000000000001,1,3,4,8,2,Loyal Customers
15659,44,1,306.45,3,1,2,6,0,At Risk
15660,25,9,1600.86,4,4,4,12,1,Champions
15661,317,2,309.8,1,1,2,4,0,At Risk
15663,106,1,138.14,2,1,1,4,0,At Risk
15664,51,1,386.43,3,1,2,6,0,At Risk
15665,168,2,2222.21,2,1,5,8,2,Loyal Customers
15667,40,1,301.32000000000005,3,1,2,6,3,Potential Loyalists
15668,218,1,76.32000000000001,1,1,1,3,0,At Risk
15669,40,4,684.34,3,3,3,9,2,Loyal Customers
15670,297,1,173.05,1,1,1,3,0,At Risk
15671,19,7,2657.13,4,4,5,13,1,Champions
15673,88,4,2452.57,2,3,5,10,2,Loyal Customers
15674,73,5,2446.6,2,3,5,10,2,Loyal Customers
15675,81,3,323.69,2,2,2,6,0,At Risk
15676,19,3,3435.76,4,2,5,11,2,Loyal Customers
15677,49,1,657.23,3,1,3,7,3,Potential Loyalists
15678,53,1,352.7,3,1,2,6,0,At Risk
15679,24,4,781.28,4,3,3,10,2,Loyal Customers
15680,9,3,1333.68,5,2,4,11,3,Potential Loyalists
15681,25,5,1426.16,4,3,4,11,2,Loyal Customers
15683,117,1,193.75,2,1,1,4,0,At Risk
15687,9,9,2993.1,5,4,5,14,1,Champions
15689,120,2,254.1,2,1,2,5,0,At Risk
15690,4,2,239.76,5,1,2,8,3,Potential Loyalists
15691,252,1,136.8,1,1,1,3,0,At Risk
15692,28,1,191.04,4,1,1,6,3,Potential Loyalists
15694,1,14,6479.4,5,4,5,14,1,Champions
15695,267,2,409.98,1,1,2,4,0,At Risk
15696,33,8,2672.59,4,4,5,13,2,Loyal Customers
15699,18,1,309.65,4,1,2,7,3,Potential Loyalists
15700,172,2,692.93,2,1,3,6,0,At Risk
15701,2,4,1497.3700000000001,5,3,4,12,1,Champions
15703,265,1,211.5,1,1,1,3,0,At Risk
15704,140,4,2283.12,2,3,5,10,2,Loyal Customers
15705,201,1,143.1,1,1,1,3,0,At Risk
15706,64,4,1060.56,3,3,4,10,2,Loyal Customers
15707,35,4,887.95,3,3,4,10,2,Loyal Customers
15708,41,7,3178.83,3,4,5,12,2,Loyal Customers
15709,284,1,133.25,1,1,1,3,0,At Risk
15712,9,5,1072.3600000000001,5,3,4,12,2,Loyal Customers
15713,143,2,356.7,2,1,2,5,0,At Risk
15714,12,2,330.03000000000003,5,1,2,8,3,Potential Loyalists
15716,146,4,1075.71,2,3,4,9,2,Loyal Customers
15717,234,1,150.3,1,1,1,3,0,At Risk
15719,33,13,5014.5,4,4,5,13,1,Champions
15720,24,1,598.73,4,1,3,8,3,Potential Loyalists
15721,12,1,451.46000000000004,5,1,2,8,3,Potential Loyalists
15722,36,5,2177.61,3,3,5,11,2,Loyal Customers
15723,365,1,189.0,1,1,1,3,0,At Risk
15724,201,2,218.25,1,1,1,3,0,At Risk
15725,15,1,415.25,4,1,2,7,3,Potential Loyalists
15727,17,7,5072.21,4,4,5,13,1,Champions
15729,213,1,85.0,1,1,1,3,0,At Risk
15730,66,3,1120.88,3,2,4,9,2,Loyal Customers
15732,212,2,294.12,1,1,2,4,0,At Risk
15733,283,1,162.3,1,1,1,3,0,At Risk
15734,115,2,1339.45,2,1,4,7,2,Loyal Customers
15737,15,8,1188.1200000000001,4,4,4,12,1,Champions
15738,19,16,4802.42,4,4,5,13,1,Champions
15739,66,1,449.12,3,1,2,6,0,At Risk
15740,49,1,154.88,3,1,1,5,0,At Risk
15743,16,4,772.59,4,3,3,10,3,Potential Loyalists
15744,78,1,34.8,2,1,1,4,0,At Risk
15745,19,4,1094.5900000000001,4,3,4,11,2,Loyal Customers
15746,134,1,196.88,2,1,1,4,0,At Risk
15747,13,3,929.21,5,2,4,11,3,Potential Loyalists
15748,40,1,131.86,3,1,1,5,0,At Risk
15749,235,3,44534.3,1,2,5,8,2,Loyal Customers
15750,3,8,2453.9,5,4,5,14,1,Champions
15752,40,7,2593.45,3,4,5,12,2,Loyal Customers
15753,305,1,79.2,1,1,1,3,0,At Risk
15754,51,3,458.57,3,2,2,7,2,Loyal Customers
15755,10,6,2364.25,5,3,5,13,1,Champions
15756,61,4,527.23,3,3,3,9,2,Loyal Customers
15757,66,2,714.42,3,1,3,7,2,Loyal Customers
15758,25,1,205.25,4,1,1,6,3,Potential Loyalists
15759,218,3,253.04000000000002,1,2,2,5,0,At Risk
15762,65,2,583.75,3,1,3,7,2,Loyal Customers
15763,32,2,1086.92,4,1,4,9,2,Loyal Customers
15764,88,6,3279.9700000000003,2,3,5,10,2,Loyal Customers
15766,64,1,315.06,3,1,2,6,0,At Risk
15768,116,3,621.83,2,2,3,7,2,Loyal Customers
15769,7,26,56252.72,5,4,5,14,1,Champions
15773,6,1,635.6800000000001,5,1,3,9,3,Potential Loyalists
15774,69,1,270.8,3,1,2,6,0,At Risk
15775,245,1,104.9,1,1,1,3,0,At Risk
15776,133,1,241.62,2,1,2,5,0,At Risk
15777,241,4,1047.1100000000001,1,3,4,8,2,Loyal Customers
15780,184,3,475.28000000000003,1,2,3,6,0,At Risk
15781,25,3,345.46000000000004,4,2,2,8,3,Potential Loyalists
15782,10,3,2614.74,5,2,5,12,2,Loyal Customers
15783,11,1,246.3,5,1,2,8,3,Potential Loyalists
15785,33,5,2328.9700000000003,4,3,5,12,2,Loyal Customers
15786,46,3,4919.0,3,2,5,10,2,Loyal Customers
15787,26,3,919.25,4,2,4,10,2,Loyal Customers
15789,358,1,351.3,1,1,2,4,0,At Risk
15790,10,1,218.75,5,1,1,7,3,Potential Loyalists
15791,44,2,1612.69,3,1,4,8,2,Loyal Customers
15793,15,3,965.61,4,2,4,10,3,Potential Loyalists
15795,150,1,610.01,2,1,3,6,0,At Risk
15796,1,8,2701.81,5,4,5,14,1,Champions
15797,113,4,2207.4,2,3,5,10,2,Loyal Customers
15799,76,3,876.09,2,2,3,7,2,Loyal Customers
15800,107,2,696.89,2,1,3,6,0,At Risk
15801,46,3,1063.95,3,2,4,9,2,Loyal Customers
15802,143,1,451.42,2,1,2,5,0,At Risk
15803,51,1,415.82000000000005,3,1,2,6,0,At Risk
15804,1,13,4206.39,5,4,5,14,1,Champions
15805,23,17,5488.18,4,4,5,13,1,Champions
15806,46,3,784.58,3,2,3,8,2,Loyal Customers
15807,50,3,903.9,3,2,4,9,2,Loyal Customers
15808,306,4,3619.2200000000003,1,3,5,9,2,Loyal Customers
15809,36,5,515.77,3,3,3,9,2,Loyal Customers
15810,79,4,1391.98,2,3,4,9,2,Loyal Customers
15811,22,6,2218.62,4,3,5,12,2,Loyal Customers
15812,107,5,1801.14,2,3,4,9,2,Loyal Customers
15813,208,2,1303.9099999999999,1,1,4,6,2,Loyal Customers
15814,17,4,1945.3300000000002,4,3,5,12,2,Loyal Customers
15815,64,5,2100.6,3,3,5,11,2,Loyal Customers
15819,49,4,1905.45,3,3,4,10,2,Loyal Customers
15820,320,1,206.98,1,1,1,3,0,At Risk
15821,44,2,570.96,3,1,3,7,3,Potential Loyalists
15822,3,2,885.47,5,1,4,10,3,Potential Loyalists
15823,372,1,15.0,1,1,1,3,0,At Risk
15825,172,1,532.94,2,1,3,6,0,At Risk
15826,56,3,1654.31,3,2,4,9,2,Loyal Customers
15827,73,14,1836.09,2,4,4,10,2,Loyal Customers
15829,99,2,636.14,2,1,3,6,0,At Risk
15830,38,1,576.0,3,1,3,7,3,Potential Loyalists
15831,58,3,785.28,3,2,3,8,2,Loyal Customers
15832,254,1,836.79,1,1,3,5,0,At Risk
15834,70,4,2156.56,3,3,5,11,2,Loyal Customers
15835,44,4,954.09,3,3,4,10,2,Loyal Customers
15836,50,1,137.37,3,1,1,5,0,At Risk
15837,65,1,391.98,3,1,2,6,0,At Risk
15838,11,19,33643.08,5,4,5,14,1,Champions
15839,33,3,1048.49,4,2,4,10,2,Loyal Customers
15840,59,2,355.56,3,1,2,6,0,At Risk
15841,73,4,1224.06,2,3,4,9,2,Loyal Customers
15843,304,1,118.95,1,1,1,3,0,At Risk
15844,46,1,130.73999999999998,3,1,1,5,0,At Risk
15845,18,8,3711.77,4,4,5,13,1,Champions
15847,38,2,389.27,3,1,2,6,3,Potential Loyalists
15850,19,2,227.3,4,1,1,6,3,Potential Loyalists
15852,187,2,160.71,1,1,1,3,0,At Risk
15853,52,1,100.6,3,1,1,5,0,At Risk
15854,4,12,2969.12,5,4,5,14,1,Champions
15855,137,5,706.34,2,3,3,8,2,Loyal Customers
15856,4,27,16006.95,5,4,5,14,1,Champions
15857,19,1,297.0,4,1,2,7,3,Potential Loyalists
15858,16,5,1400.82,4,3,4,11,2,Loyal Customers
15860,41,8,959.76,3,4,4,11,2,Loyal Customers
15861,12,8,3128.84,5,4,5,14,1,Champions
15862,8,4,832.88,5,3,3,11,3,Potential Loyalists
15863,26,2,68.84,4,1,1,6,3,Potential Loyalists
15864,22,6,1936.32,4,3,5,12,2,Loyal Customers
15865,41,3,895.13,3,2,4,9,2,Loyal Customers
15866,101,1,211.89,2,1,1,4,0,At Risk
15867,5,15,3810.14,5,4,5,14,1,Champions
15869,277,2,133.94,1,1,1,3,0,At Risk
15870,33,1,311.39,4,1,2,7,3,Potential Loyalists
15872,15,2,283.81,4,1,2,7,3,Potential Loyalists
15874,64,7,4380.8,3,4,5,12,2,Loyal Customers
15877,2,2,489.13,5,1,3,9,3,Potential Loyalists
15880,369,1,325.73,1,1,2,4,0,At Risk
15881,312,5,501.39,1,3,3,7,2,Loyal Customers
15882,199,4,516.36,1,3,3,7,2,Loyal Customers
15883,2,2,396.48,5,1,2,8,3,Potential Loyalists
15885,93,3,379.35,2,2,2,6,0,At Risk
15886,60,1,181.09,3,1,1,5,0,At Risk
15888,81,1,163.21,2,1,1,4,0,At Risk
15889,157,2,414.61,2,1,2,5,0,At Risk
15891,227,1,511.68,1,1,3,5,0,At Risk
15894,253,2,236.35000000000002,1,1,1,3,0,At Risk
15895,150,1,179.17,2,1,1,4,0,At Risk
15897,194,2,193.74,1,1,1,3,0,At Risk
15898,1,5,1356.13,5,3,4,12,1,Champions
15899,369,1,56.25,1,1,1,3,0,At Risk
15900,24,1,331.39,4,1,2,7,3,Potential Loyalists
15901,17,3,351.25,4,2,2,8,3,Potential Loyalists
15903,10,7,5126.76,5,4,5,14,1,Champions
15904,8,1,164.68,5,1,1,7,3,Potential Loyalists
15906,20,7,1552.19,4,4,4,12,2,Loyal Customers
15907,4,3,717.11,5,2,3,10,3,Potential Loyalists
15909,174,1,191.94,2,1,1,4,0,At Risk
15910,1,8,1183.43,5,4,4,13,1,Champions
15912,178,2,264.62,2,1,2,5,0,At Risk
15916,16,8,1487.46,4,4,4,12,1,Champions
15917,248,1,123.1,1,1,1,3,0,At Risk
15918,191,2,331.28000000000003,1,1,2,4,0,At Risk
15919,20,2,459.17,4,1,2,7,3,Potential Loyalists
15920,154,4,167.5,2,3,1,6,0,At Risk
15921,173,1,323.03000000000003,2,1,2,5,0,At Risk
15922,373,1,369.5,1,1,2,4,0,At Risk
15923,373,1,127.08,1,1,1,3,0,At Risk
15925,194,1,207.15,1,1,1,3,0,At Risk
15930,67,1,426.63,3,1,2,6,0,At Risk
15932,4,8,2495.87,5,4,5,14,1,Champions
15933,21,3,1107.46,4,2,4,10,2,Loyal Customers
15935,239,2,416.86,1,1,2,4,0,At Risk
15937,64,1,145.35000000000002,3,1,1,5,0,At Risk
15938,112,5,404.58000000000004,2,3,2,7,2,Loyal Customers
15939,90,15,6115.01,2,4,5,11,1,Champions
15940,311,1,35.8,1,1,1,3,0,At Risk
15942,134,1,337.44,2,1,2,5,0,At Risk
15944,277,1,325.1,1,1,2,4,0,At Risk
15945,365,1,181.0,1,1,1,3,0,At Risk
15947,83,1,1708.24,2,1,4,7,2,Loyal Customers
15948,8,2,955.24,5,1,4,10,3,Potential Loyalists
15949,17,2,364.72,4,1,2,7,3,Potential Loyalists
15950,32,4,1725.96,4,3,4,11,2,Loyal Customers
15951,9,2,708.22,5,1,3,9,3,Potential Loyalists
15952,34,4,781.91,3,3,3,9,2,Loyal Customers
15953,15,8,1657.28,4,4,4,12,1,Champions
15955,24,14,4416.26,4,4,5,13,1,Champions
15957,32,1,418.49,4,1,2,7,3,Potential Loyalists
15958,74,1,104.35,2,1,1,4,0,At Risk
15963,20,2,470.76,4,1,3,8,3,Potential Loyalists
15965,17,4,749.1800000000001,4,3,3,10,2,Loyal Customers
15967,23,2,381.68,4,1,2,7,3,Potential Loyalists
15969,3,3,666.1,5,2,3,10,3,Potential Loyalists
15970,304,1,314.09999999999997,1,1,2,4,0,At Risk
15971,17,12,4199.85,4,4,5,13,1,Champions
15973,367,1,307.82000000000005,1,1,2,4,0,At Risk
15974,39,7,3442.15,3,4,5,12,2,Loyal Customers
15975,84,1,371.01,2,1,2,5,0,At Risk
15976,165,2,427.64,2,1,2,5,0,At Risk
15977,17,2,1009.73,4,1,4,9,3,Potential Loyalists
15978,77,1,1098.78,2,1,4,7,0,At Risk
15980,89,3,2398.86,2,2,5,9,2,Loyal Customers
15981,25,8,3408.48,4,4,5,13,1,Champions
15983,22,4,1422.55,4,3,4,11,2,Loyal Customers
15984,3,10,2608.02,5,4,5,14,1,Champions
15985,123,2,1142.42,2,1,4,7,2,Loyal Customers
15986,30,1,168.12,4,1,1,6,3,Potential Loyalists
15987,12,7,1415.02,5,4,4,13,1,Champions
15988,19,1,156.78,4,1,1,6,3,Potential Loyalists
15990,44,2,792.11,3,1,3,7,2,Loyal Customers
15992,4,1,41.989999999999995,5,1,1,7,3,Potential Loyalists
15993,9,7,2727.63,5,4,5,14,1,Champions
15994,55,1,389.52,3,1,2,6,0,At Risk
15996,88,6,1021.33,2,3,4,9,2,Loyal Customers
15998,37,5,3053.78,3,3,5,11,2,Loyal Customers
16000,3,3,12393.7,5,2,5,12,1,Champions
16003,30,5,2735.37,4,3,5,12,2,Loyal Customers
16005,12,4,570.07,5,3,3,11,3,Potential Loyalists
16006,211,1,101.4,1,1,1,3,0,At Risk
16007,48,4,1662.56,3,3,4,10,2,Loyal Customers
16008,24,3,478.78,4,2,3,9,3,Potential Loyalists
16009,22,4,961.21,4,3,4,11,2,Loyal Customers
16010,246,3,373.8,1,2,2,5,0,At Risk
16011,8,16,3342.96,5,4,5,14,1,Champions
16012,35,3,1398.33,3,2,4,9,2,Loyal Customers
16013,4,47,36800.6,5,4,5,14,1,Champions
16014,38,3,643.45,3,2,3,8,2,Loyal Customers
16015,4,3,683.71,5,2,3,10,3,Potential Loyalists
16016,3,8,1419.71,5,4,4,13,1,Champions
16017,47,1,179.23,3,1,1,5,0,At Risk
16018,39,2,408.9,3,1,2,6,3,Potential Loyalists
16019,47,9,3786.24,3,4,5,12,1,Champions
16020,17,3,851.01,4,2,3,9,3,Potential Loyalists
16022,260,1,586.4,1,1,3,5,0,At Risk
16023,46,3,719.81,3,2,3,8,2,Loyal Customers
16024,12,1,246.99,5,1,2,8,3,Potential Loyalists
16025,30,1,439.65999999999997,4,1,2,7,3,Potential Loyalists
16026,43,1,226.59,3,1,1,5,0,At Risk
16027,92,6,934.62,2,3,4,9,2,Loyal Customers
16029,39,63,80613.24,3,4,5,12,1,Champions
16030,310,1,312.64,1,1,2,4,0,At Risk
16031,92,2,541.65,2,1,3,6,0,At Risk
16033,6,20,8733.68,5,4,5,14,1,Champions
16034,196,3,437.70000000000005,1,2,2,5,0,At Risk
16036,87,2,758.9200000000001,2,1,3,6,2,Loyal Customers
16037,270,3,855.02,1,2,3,6,2,Loyal Customers
16038,8,3,471.78,5,2,3,10,3,Potential Loyalists
16040,65,3,1313.55,3,2,4,9,2,Loyal Customers
16041,31,3,3166.4,4,2,5,11,2,Loyal Customers
16042,22,5,1177.47,4,3,4,11,2,Loyal Customers
16043,37,4,773.99,3,3,3,9,2,Loyal Customers
16045,120,4,1340.7,2,3,4,9,2,Loyal Customers
16048,373,2,256.44,1,1,2,4,0,At Risk
16049,40,3,1009.32,3,2,4,9,2,Loyal Customers
16050,174,1,137.9,2,1,1,4,0,At Risk
16052,54,1,362.06,3,1,2,6,0,At Risk
16053,33,2,1495.45,4,1,4,9,2,Loyal Customers
16054,145,1,783.9,2,1,3,6,0,At Risk
16055,221,1,134.8,1,1,1,3,0,At Risk
16056,45,1,650.75,3,1,3,7,3,Potential Loyalists
16057,16,7,2263.12,4,4,5,13,1,Champions
16059,66,6,1442.31,3,3,4,10,2,Loyal Customers
16062,10,4,1153.62,5,3,4,12,2,Loyal Customers
16063,260,1,335.32,1,1,2,4,0,At Risk
16065,365,1,364.34,1,1,2,4,0,At Risk
16066,17,5,1516.69,4,3,4,11,2,Loyal Customers
16070,22,2,852.15,4,1,3,8,3,Potential Loyalists
16071,45,1,326.24,3,1,2,6,0,At Risk
16072,288,1,584.3199999999999,1,1,3,5,0,At Risk
16073,297,1,122.4,1,1,1,3,0,At Risk
16076,3,10,2214.33,5,4,5,14,1,Champions
16078,284,1,79.2,1,1,1,3,0,At Risk
16079,17,3,1352.0,4,2,4,10,2,Loyal Customers
16080,82,2,217.16,2,1,1,4,0,At Risk
16081,56,5,2788.07,3,3,5,11,2,Loyal Customers
16083,101,2,1317.62,2,1,4,7,2,Loyal Customers
16084,299,1,436.18,1,1,2,4,0,At Risk
16085,23,5,979.01,4,3,4,11,2,Loyal Customers
16086,59,5,1121.39,3,3,4,10,2,Loyal Customers
16091,155,2,315.06,2,1,2,5,0,At Risk
16092,115,3,817.86,2,2,3,7,2,Loyal Customers
16093,107,1,17.0,2,1,1,4,0,At Risk
16094,12,4,1078.23,5,3,4,12,2,Loyal Customers
16096,264,1,320.62,1,1,2,4,0,At Risk
16097,240,1,185.04999999999998,1,1,1,3,0,At Risk
16098,88,7,1960.63,2,4,5,11,2,Loyal Customers
16099,50,3,731.9,3,2,3,8,2,Loyal Customers
16101,71,1,1290.7,3,1,4,8,2,Loyal Customers
16102,42,3,1842.14,3,2,4,9,2,Loyal Customers
16103,7,6,1429.64,5,3,4,12,1,Champions
16104,62,1,298.21,3,1,2,6,0,At Risk
16105,249,1,336.96,1,1,2,4,0,At Risk
16106,66,1,108.38,3,1,1,5,0,At Risk
16107,18,7,3204.1600000000003,4,4,5,13,1,Champions
16108,85,1,842.5,2,1,3,6,0,At Risk
16109,219,2,611.88,1,1,3,5,0,At Risk
16110,45,3,1284.54,3,2,4,9,2,Loyal Customers
16112,143,4,195.74,2,3,1,6,0,At Risk
16113,183,1,161.38,1,1,1,3,0,At Risk
16114,171,1,135.75000000000003,2,1,1,4,0,At Risk
16115,10,8,1655.06,5,4,4,13,1,Champions
16116,212,1,612.78,1,1,3,5,0,At Risk
16117,190,1,232.21,1,1,1,3,0,At Risk
16119,8,2,423.36,5,1,2,8,3,Potential Loyalists
16120,59,4,1229.94,3,3,4,10,2,Loyal Customers
16121,57,2,756.36,3,1,3,7,2,Loyal Customers
16122,73,4,684.42,2,3,3,8,2,Loyal Customers
16123,52,1,307.78000000000003,3,1,2,6,0,At Risk
16124,317,1,249.0,1,1,2,4,0,At Risk
16125,367,1,289.35,1,1,2,4,0,At Risk
16126,29,4,6287.77,4,3,5,12,2,Loyal Customers
16127,39,1,656.25,3,1,3,7,3,Potential Loyalists
16128,18,5,1880.22,4,3,4,11,2,Loyal Customers
16131,52,6,3506.54,3,3,5,11,2,Loyal Customers
16133,4,33,14589.04,5,4,5,14,1,Champions
16134,22,2,618.09,4,1,3,8,3,Potential Loyalists
16135,263,1,517.55,1,1,3,5,0,At Risk
16136,60,3,709.38,3,2,3,8,2,Loyal Customers
16139,19,3,635.4100000000001,4,2,3,9,3,Potential Loyalists
16140,66,2,725.1800000000001,3,1,3,7,2,Loyal Customers
16141,88,1,620.4,2,1,3,6,0,At Risk
16142,250,1,535.34,1,1,3,5,0,At Risk
16143,3,6,2424.94,5,3,5,13,1,Champions
16144,247,1,175.2,1,1,1,3,0,At Risk
16145,9,11,3799.4900000000002,5,4,5,14,1,Champions
16146,157,3,734.13,2,2,3,7,2,Loyal Customers
16147,134,1,375.0,2,1,2,5,0,At Risk
16148,296,1,76.32000000000001,1,1,1,3,0,At Risk
16149,5,2,280.52,5,1,2,8,3,Potential Loyalists
16150,43,5,2053.02,3,3,5,11,2,Loyal Customers
16152,269,1,1829.04,1,1,4,6,0,At Risk
16153,50,5,1824.23,3,3,4,10,2,Loyal Customers
16156,9,9,3032.64,5,4,5,14,1,Champions
16157,16,3,656.69,4,2,3,9,3,Potential Loyalists
16159,282,1,348.2,1,1,2,4,0,At Risk
16160,65,2,1025.44,3,1,4,8,2,Loyal Customers
16161,2,19,5531.57,5,4,5,14,1,Champions
16162,252,1,37.4,1,1,1,3,0,At Risk
16163,232,2,856.6,1,1,3,5,0,At Risk
16164,17,3,769.38,4,2,3,9,3,Potential Loyalists
16168,11,27,3787.6,5,4,5,14,1,Champions
16169,8,4,1822.97,5,3,4,12,2,Loyal Customers
16170,51,6,1885.05,3,3,4,10,2,Loyal Customers
16171,59,1,73.19999999999999,3,1,1,5,0,At Risk
16172,95,5,1140.21,2,3,4,9,2,Loyal Customers
16173,16,6,1418.32,4,3,4,11,2,Loyal Customers
16174,126,3,1009.55,2,2,4,8,2,Loyal Customers
16175,94,4,1037.5900000000001,2,3,4,9,2,Loyal Customers
16177,50,1,331.95,3,1,2,6,0,At Risk
16178,138,1,197.9,2,1,1,4,0,At Risk
16179,61,1,215.83,3,1,1,5,0,At Risk
16180,100,8,10254.18,2,4,5,11,2,Loyal Customers
16181,73,1,305.54,2,1,2,5,0,At Risk
16182,72,4,6617.65,2,3,5,10,2,Loyal Customers
16183,67,1,338.71000000000004,3,1,2,6,0,At Risk
16184,64,6,1158.79,3,3,4,10,2,Loyal Customers
16185,17,2,529.41,4,1,3,8,3,Potential Loyalists
16186,23,12,4006.94,4,4,5,13,1,Champions
16187,32,15,6911.4400000000005,4,4,5,13,1,Champions
16188,45,4,981.86,3,3,4,10,2,Loyal Customers
16189,16,2,215.48,4,1,1,6,3,Potential Loyalists
16190,40,1,215.08,3,1,1,5,3,Potential Loyalists
16191,3,13,5180.52,5,4,5,14,1,Champions
16193,237,1,314.45,1,1,2,4,0,At Risk
16198,75,1,400.68100000000004,2,1,2,5,0,At Risk
16200,4,2,1039.74,5,1,4,10,3,Potential Loyalists
16201,3,4,1863.47,5,3,4,12,1,Champions
16202,361,1,365.27,1,1,2,4,0,At Risk
16203,59,4,592.9,3,3,3,9,2,Loyal Customers
16204,23,1,361.73,4,1,2,7,3,Potential Loyalists
16205,31,4,738.23,4,3,3,10,2,Loyal Customers
16206,55,4,535.41,3,3,3,9,2,Loyal Customers
16207,25,1,394.38,4,1,2,7,3,Potential Loyalists
16208,45,2,659.3100000000001,3,1,3,7,3,Potential Loyalists
16209,89,5,2262.62,2,3,5,10,2,Loyal Customers
16210,2,18,21086.3,5,4,5,14,1,Champions
16211,89,1,547.02,2,1,3,6,0,At Risk
16212,19,2,690.34,4,1,3,8,3,Potential Loyalists
16213,79,1,159.0,2,1,1,4,0,At Risk
16214,171,3,1062.75,2,2,4,8,2,Loyal Customers
16215,81,1,242.35,2,1,2,5,0,At Risk
16216,267,1,914.9300000000001,1,1,4,6,0,At Risk
16217,235,2,304.25,1,1,2,4,0,At Risk
16218,30,7,3084.68,4,4,5,13,2,Loyal Customers
16221,37,3,859.41,3,2,3,8,2,Loyal Customers
16222,318,1,763.5,1,1,3,5,0,At Risk
16224,57,4,1295.3,3,3,4,10,2,Loyal Customers
16225,45,5,1081.3600000000001,3,3,4,10,2,Loyal Customers
16226,203,3,255.12,1,2,2,5,0,At Risk
16227,225,1,314.22,1,1,2,4,0,At Risk
16229,87,2,1010.6,2,1,4,7,2,Loyal Customers
16230,190,2,542.03,1,1,3,5,0,At Risk
16232,44,4,990.88,3,3,4,10,2,Loyal Customers
16233,71,3,536.6800000000001,3,2,3,8,2,Loyal Customers
16235,41,5,867.3100000000001,3,3,3,9,2,Loyal Customers
16236,78,1,432.2,2,1,2,5,0,At Risk
16239,57,2,414.2,3,1,2,6,0,At Risk
16240,24,2,3718.8,4,1,5,10,2,Loyal Customers
16241,10,13,2578.31,5,4,5,14,1,Champions
16242,8,7,3553.8,5,4,5,14,1,Champions
16243,34,2,409.1,3,1,2,6,3,Potential Loyalists
16244,212,2,1522.75,1,1,4,6,2,Loyal Customers
16245,24,3,1413.66,4,2,4,10,2,Loyal Customers
16247,170,1,114.56,2,1,1,4,0,At Risk
16248,62,1,152.94,3,1,1,5,0,At Risk
16249,53,5,1800.07,3,3,4,10,2,Loyal Customers
16250,261,2,389.44,1,1,2,4,0,At Risk
16253,67,2,3683.86,3,1,5,9,2,Loyal Customers
16255,17,8,2613.16,4,4,5,13,1,Champions
16256,267,1,752.4300000000001,1,1,3,5,0,At Risk
16257,177,1,46.95,2,1,1,4,0,At Risk
16258,45,5,5203.51,3,3,5,11,2,Loyal Customers
16260,51,1,1035.45,3,1,4,8,3,Potential Loyalists
16261,17,4,719.51,4,3,3,10,3,Potential Loyalists
16265,9,9,5447.0,5,4,5,14,1,Champions
16266,74,7,854.64,2,4,3,9,2,Loyal Customers
16268,71,2,667.65,3,1,3,7,2,Loyal Customers
16270,353,1,1141.24,1,1,4,6,0,At Risk
16271,3,5,1379.89,5,3,4,12,1,Champions
16272,117,1,411.7,2,1,2,5,0,At Risk
16274,373,1,332.8,1,1,2,4,0,At Risk
16275,197,1,559.87,1,1,3,5,0,At Risk
16276,177,1,810.6,2,1,3,6,0,At Risk
16278,100,1,566.38,2,1,3,6,0,At Risk
16279,21,3,1502.78,4,2,4,10,2,Loyal Customers
16281,72,1,2062.06,2,1,5,8,2,Loyal Customers
16282,340,1,168.3,1,1,1,3,0,At Risk
16283,6,5,1536.91,5,3,4,12,1,Champions
16284,31,2,748.62,4,1,3,8,3,Potential Loyalists
16287,170,1,142.5,2,1,1,4,0,At Risk
16292,122,1,302.25,2,1,2,5,0,At Risk
16293,22,10,2248.9900000000002,4,4,5,13,1,Champions
16295,10,4,1328.55,5,3,4,12,2,Loyal Customers
16297,269,1,301.9,1,1,2,4,0,At Risk
16298,23,3,598.2,4,2,3,9,3,Potential Loyalists
16302,127,1,233.22,2,1,1,4,0,At Risk
16303,26,3,5360.63,4,2,5,11,2,Loyal Customers
16305,139,1,361.22,2,1,2,5,0,At Risk
16306,214,6,632.27,1,3,3,7,2,Loyal Customers
16308,38,4,2560.0,3,3,5,11,2,Loyal Customers
16309,106,2,706.57,2,1,3,6,0,At Risk
16311,18,2,616.26,4,1,3,8,3,Potential Loyalists
16313,3,2,274.15000000000003,5,1,2,8,3,Potential Loyalists
16315,331,1,226.37,1,1,1,3,0,At Risk
16316,64,8,2938.91,3,4,5,12,2,Loyal Customers
16317,120,3,1341.65,2,2,4,8,2,Loyal Customers
16318,35,1,328.15000000000003,3,1,2,6,3,Potential Loyalists
16319,218,1,404.40000000000003,1,1,2,4,0,At Risk
16322,1,2,321.3,5,1,2,8,3,Potential Loyalists
16323,196,1,207.50000000000003,1,1,1,3,0,At Risk
16324,128,3,398.92,2,2,2,6,0,At Risk
16325,47,3,594.24,3,2,3,8,2,Loyal Customers
16326,6,14,2900.0,5,4,5,14,1,Champions
16327,14,6,3759.52,4,3,5,12,1,Champions
16330,18,3,251.91,4,2,2,8,3,Potential Loyalists
16332,28,7,1573.58,4,4,4,12,2,Loyal Customers
16333,8,22,26626.8,5,4,5,14,1,Champions
16337,37,1,151.05,3,1,1,5,0,At Risk
16338,157,1,214.8,2,1,1,4,0,At Risk
16339,284,1,91.15,1,1,1,3,0,At Risk
16340,107,1,488.24,2,1,3,6,0,At Risk
16341,25,4,1971.8700000000001,4,3,5,12,2,Loyal Customers
16342,75,4,322.41,2,3,2,7,2,Loyal Customers
16343,16,2,307.07,4,1,2,7,3,Potential Loyalists
16344,158,1,35.7,2,1,1,4,0,At Risk
16345,44,1,538.42,3,1,3,7,3,Potential Loyalists
16347,11,2,706.25,5,1,3,9,3,Potential Loyalists
16348,32,7,1394.1299999999999,4,4,4,12,2,Loyal Customers
16349,291,1,53.5,1,1,1,3,0,At Risk
16350,21,4,1116.47,4,3,4,11,2,Loyal Customers
16351,333,1,153.9,1,1,1,3,0,At Risk
16352,18,2,494.44,4,1,3,8,3,Potential Loyalists
16353,4,23,6675.71,5,4,5,14,1,Champions
16354,63,2,395.8,3,1,2,6,0,At Risk
16356,198,3,211.77,1,2,1,4,0,At Risk
16357,33,3,658.88,4,2,3,9,2,Loyal Customers
16358,1,4,2027.5,5,3,5,13,1,Champions
16359,7,9,1750.92,5,4,4,13,1,Champions
16360,5,6,3258.9,5,3,5,13,1,Champions
16361,10,4,876.52,5,3,3,11,3,Potential Loyalists
16362,32,5,697.2,4,3,3,10,2,Loyal Customers
16363,53,1,109.36000000000001,3,1,1,5,0,At Risk
16364,12,2,705.79,5,1,3,9,3,Potential Loyalists
16365,18,9,1540.42,4,4,4,12,1,Champions
16366,19,1,327.3,4,1,2,7,3,Potential Loyalists
16367,37,2,779.07,3,1,3,7,3,Potential Loyalists
16368,2,2,421.74,5,1,2,8,3,Potential Loyalists
16369,18,3,1543.71,4,2,4,10,2,Loyal Customers
16370,82,4,1263.6,2,3,4,9,2,Loyal Customers
16372,33,2,332.40999999999997,4,1,2,7,3,Potential Loyalists
16374,66,2,454.58,3,1,2,6,0,At Risk
16376,9,2,908.95,5,1,4,10,3,Potential Loyalists
16377,267,1,676.2,1,1,3,5,0,At Risk
16378,247,3,362.95,1,2,2,5,0,At Risk
16379,4,4,2157.4,5,3,5,13,1,Champions
16380,61,1,1626.99,3,1,4,8,2,Loyal Customers
16383,75,2,597.64,2,1,3,6,0,At Risk
16384,90,2,584.5,2,1,3,6,0,At Risk
16385,60,3,554.86,3,2,3,8,2,Loyal Customers
16386,29,2,288.27,4,1,2,7,3,Potential Loyalists
16387,323,1,94.36,1,1,1,3,0,At Risk
16389,53,4,1382.0700000000002,3,3,4,10,2,Loyal Customers
16392,270,1,204.89000000000001,1,1,1,3,0,At Risk
16393,2,13,2968.66,5,4,5,14,1,Champions
16394,57,5,1555.34,3,3,4,10,2,Loyal Customers
16395,60,5,1458.99,3,3,4,10,2,Loyal Customers
16398,154,2,1705.8,2,1,4,7,2,Loyal Customers
16399,19,2,408.02,4,1,2,7,3,Potential Loyalists
16400,95,1,302.48,2,1,2,5,0,At Risk
16401,1,12,4091.72,5,4,5,14,1,Champions
16402,265,2,290.5,1,1,2,4,0,At Risk
16403,312,1,177.5,1,1,1,3,0,At Risk
16404,70,1,443.05,3,1,2,6,0,At Risk
16405,302,2,167.25,1,1,1,3,0,At Risk
16406,19,1,143.56,4,1,1,6,3,Potential Loyalists
16407,13,10,2029.28,5,4,5,14,1,Champions
16409,36,5,1987.58,3,3,5,11,2,Loyal Customers
16411,19,2,201.19,4,1,1,6,3,Potential Loyalists
16412,54,1,115.89,3,1,1,5,0,At Risk
16413,57,1,260.5,3,1,2,6,0,At Risk
16414,22,2,126.25,4,1,1,6,3,Potential Loyalists
16415,44,1,194.01,3,1,1,5,0,At Risk
16416,26,3,1021.9,4,2,4,10,2,Loyal Customers
16418,45,3,607.3,3,2,3,8,2,Loyal Customers
16419,113,6,958.71,2,3,4,9,2,Loyal Customers
16422,17,51,34684.4,4,4,5,13,1,Champions
16423,25,1,346.12,4,1,2,7,3,Potential Loyalists
16424,191,1,133.56,1,1,1,3,0,At Risk
16425,302,1,302.7,1,1,2,4,0,At Risk
16426,2,10,1824.71,5,4,4,13,1,Champions
16427,263,2,241.06,1,1,2,4,0,At Risk
16429,106,1,284.55,2,1,2,5,0,At Risk
16430,57,1,300.85,3,1,2,6,0,At Risk
16431,213,3,570.14,1,2,3,6,0,At Risk
16432,64,1,287.40000000000003,3,1,2,6,0,At Risk
16433,28,1,184.26,4,1,1,6,3,Potential Loyalists
16434,29,7,1511.8,4,4,4,12,2,Loyal Customers
16438,6,5,795.85,5,3,3,11,3,Potential Loyalists
16440,8,5,3622.42,5,3,5,13,1,Champions
16441,67,2,368.6,3,1,2,6,0,At Risk
16442,2,3,603.32,5,2,3,10,3,Potential Loyalists
16444,46,4,642.84,3,3,3,9,2,Loyal Customers
16445,34,1,229.41,3,1,1,5,3,Potential Loyalists
16446,1,2,168472.5,5,1,5,11,1,Champions
16447,136,1,255.91,2,1,2,5,0,At Risk
16448,198,1,182.99,1,1,1,3,0,At Risk
16449,198,2,707.69,1,1,3,5,0,At Risk
16450,150,1,311.92,2,1,2,5,0,At Risk
16451,88,1,266.97,2,1,2,5,0,At Risk
16454,45,2,6.9,3,1,1,5,0,At Risk
16455,64,7,1841.18,3,4,4,11,2,Loyal Customers
16456,99,5,2157.8,2,3,5,10,2,Loyal Customers
16457,218,1,208.36,1,1,1,3,0,At Risk
16458,3,18,3482.7400000000002,5,4,5,14,1,Champions
16460,28,3,808.73,4,2,3,9,2,Loyal Customers
16461,178,1,137.97,2,1,1,4,0,At Risk
16462,74,3,136.0,2,2,1,5,0,At Risk
16463,21,4,1422.4,4,3,4,11,2,Loyal Customers
16464,20,3,1229.96,4,2,4,10,2,Loyal Customers
16466,34,7,1519.51,3,4,4,11,2,Loyal Customers
16468,74,1,74.9,2,1,1,4,0,At Risk
16469,24,4,611.12,4,3,3,10,2,Loyal Customers
16470,52,4,721.78,3,3,3,9,2,Loyal Customers
16471,275,1,223.95000000000002,1,1,1,3,0,At Risk
16473,165,3,316.11,2,2,2,6,0,At Risk
16474,7,7,1706.94,5,4,4,13,1,Champions
16475,88,4,544.3,2,3,3,8,2,Loyal Customers
16477,64,7,2494.46,3,4,5,12,2,Loyal Customers
16478,25,3,331.0,4,2,2,8,3,Potential Loyalists
16479,10,2,300.83,5,1,2,8,3,Potential Loyalists
16480,76,1,766.85,2,1,3,6,0,At Risk
16482,16,1,220.62,4,1,1,6,3,Potential Loyalists
16483,192,1,139.35,1,1,1,3,0,At Risk
16484,174,2,404.3,2,1,2,5,0,At Risk
16485,77,1,361.45,2,1,2,5,0,At Risk
16488,33,3,498.8,4,2,3,9,3,Potential Loyalists
16491,47,1,731.5,3,1,3,7,3,Potential Loyalists
16493,80,4,1351.63,2,3,4,9,2,Loyal Customers
16494,297,1,809.28,1,1,3,5,0,At Risk
16495,3,3,566.71,5,2,3,10,3,Potential Loyalists
16496,9,3,1599.52,5,2,4,11,3,Potential Loyalists
16497,50,6,2965.69,3,3,5,11,2,Loyal Customers
16498,161,2,100.97,2,1,1,4,0,At Risk
16499,360,2,365.45,1,1,2,4,0,At Risk
16500,5,6,400.86,5,3,2,10,3,Potential Loyalists
16503,107,4,1431.93,2,3,4,9,2,Loyal Customers
16504,25,1,449.31,4,1,2,7,3,Potential Loyalists
16505,32,1,777.6,4,1,3,8,3,Potential Loyalists
16506,20,2,90.30000000000001,4,1,1,6,3,Potential Loyalists
16509,297,1,363.70000000000005,1,1,2,4,0,At Risk
16510,372,1,248.1,1,1,2,4,0,At Risk
16511,22,3,894.38,4,2,4,10,2,Loyal Customers
16513,5,4,874.59,5,3,3,11,3,Potential Loyalists
16515,52,5,1597.5900000000001,3,3,4,10,2,Loyal Customers
16516,30,1,101.69999999999999,4,1,1,6,3,Potential Loyalists
16517,277,1,162.70000000000002,1,1,1,3,0,At Risk
16518,61,2,484.32,3,1,3,7,0,At Risk
16519,25,2,215.07999999999998,4,1,1,6,3,Potential Loyalists
16520,186,3,1046.57,1,2,4,7,2,Loyal Customers
16523,2,21,9418.470000000001,5,4,5,14,1,Champions
16525,2,26,13027.45,5,4,5,14,1,Champions
16526,172,1,290.36,2,1,2,5,0,At Risk
16527,81,1,228.06,2,1,1,4,0,At Risk
16528,4,1,244.41,5,1,2,8,3,Potential Loyalists
16529,190,1,455.25,1,1,2,4,0,At Risk
16531,22,7,1244.59,4,4,4,12,2,Loyal Customers
16532,18,3,6748.8,4,2,5,11,2,Loyal Customers
16533,19,3,1078.3400000000001,4,2,4,10,2,Loyal Customers
16535,5,1,593.75,5,1,3,9,3,Potential Loyalists
16536,110,1,490.37,2,1,3,6,0,At Risk
16539,3,4,1388.81,5,3,4,12,1,Champions
16542,54,1,119.62,3,1,1,5,0,At Risk
16545,165,1,339.3,2,1,2,5,0,At Risk
16546,291,2,787.15,1,1,3,5,0,At Risk
16549,10,10,3952.94,5,4,5,14,1,Champions
16550,109,5,2298.97,2,3,5,10,2,Loyal Customers
16551,96,3,922.12,2,2,4,8,2,Loyal Customers
16552,243,2,379.73,1,1,2,4,0,At Risk
16553,163,12,5719.82,2,4,5,11,2,Loyal Customers
16554,42,3,837.1,3,2,3,8,2,Loyal Customers
16555,35,2,285.89,3,1,2,6,3,Potential Loyalists
16556,67,7,3313.79,3,4,5,12,2,Loyal Customers
16557,24,2,281.85,4,1,2,7,3,Potential Loyalists
16558,1,20,8338.49,5,4,5,14,1,Champions
16560,27,2,841.41,4,1,3,8,3,Potential Loyalists
16561,6,2,511.12,5,1,3,9,3,Potential Loyalists
16563,54,1,1077.74,3,1,4,8,2,Loyal Customers
16565,364,1,173.7,1,1,1,3,0,At Risk
16566,15,5,614.66,4,3,3,10,3,Potential Loyalists
16567,194,2,865.6,1,1,3,5,0,At Risk
16569,3,1,124.2,5,1,1,7,3,Potential Loyalists
16570,15,10,3738.4,4,4,5,13,1,Champions
16571,27,3,1421.69,4,2,4,10,2,Loyal Customers
16572,127,3,1009.6,2,2,4,8,2,Loyal Customers
16573,85,2,663.61,2,1,3,6,2,Loyal Customers
16574,71,1,451.44,3,1,2,6,0,At Risk
16581,183,1,105.84,1,1,1,3,0,At Risk
16582,113,1,313.62,2,1,2,5,0,At Risk
16583,374,1,233.45,1,1,1,3,0,At Risk
16584,80,2,936.08,2,1,4,7,2,Loyal Customers
16586,249,1,463.95,1,1,3,5,0,At Risk
16587,232,1,225.15,1,1,1,3,0,At Risk
16589,71,3,459.24,3,2,3,8,2,Loyal Customers
16591,69,1,213.5,3,1,1,5,0,At Risk
16592,4,16,4113.68,5,4,5,14,1,Champions
16593,51,3,322.08,3,2,2,7,3,Potential Loyalists
16594,75,1,181.09,2,1,1,4,0,At Risk
16595,61,1,358.44,3,1,2,6,0,At Risk
16596,16,2,250.15,4,1,2,7,3,Potential Loyalists
16597,4,1,90.04,5,1,1,7,3,Potential Loyalists
16598,286,1,145.05,1,1,1,3,0,At Risk
16600,4,6,813.52,5,3,3,11,1,Champions
16601,41,1,237.6,3,1,2,6,3,Potential Loyalists
16602,36,1,528.08,3,1,3,7,3,Potential Loyalists
16603,75,2,482.47,2,1,3,6,0,At Risk
16607,18,14,3347.71,4,4,5,13,1,Champions
16609,15,7,5493.46,4,4,5,13,1,Champions
16610,219,1,75.66,1,1,1,3,0,At Risk
16611,186,1,121.19,1,1,1,3,0,At Risk
16612,33,4,1187.66,4,3,4,11,2,Loyal Customers
16613,70,1,618.59,3,1,3,7,0,At Risk
16614,183,1,506.19,1,1,3,5,0,At Risk
16616,15,2,500.42,4,1,3,8,3,Potential Loyalists
16617,236,1,151.85,1,1,1,3,0,At Risk
16618,31,5,2647.59,4,3,5,12,2,Loyal Customers
16619,264,1,226.21,1,1,1,3,0,At Risk
16620,4,2,178.96,5,1,1,7,3,Potential Loyalists
16621,52,4,813.48,3,3,3,9,2,Loyal Customers
16623,246,1,129.45000000000002,1,1,1,3,0,At Risk
16624,81,2,791.85,2,1,3,6,2,Loyal Customers
16625,274,1,333.08,1,1,2,4,0,At Risk
16626,1,17,4413.1,5,4,5,14,1,Champions
16627,79,1,322.8,2,1,2,5,0,At Risk
16628,30,5,2188.05,4,3,5,12,2,Loyal Customers
16629,74,2,408.63,2,1,2,5,0,At Risk
16633,17,6,2883.1,4,3,5,12,1,Champions
16634,223,2,217.9,1,1,1,3,0,At Risk
16637,32,4,1154.47,4,3,4,11,2,Loyal Customers
16638,23,10,1680.72,4,4,4,12,1,Champions
16639,31,3,1257.51,4,2,4,10,2,Loyal Customers
16641,106,1,231.1,2,1,1,4,0,At Risk
16642,5,2,688.33,5,1,3,9,3,Potential Loyalists
16643,246,1,487.51,1,1,3,5,0,At Risk
16644,178,2,833.78,2,1,3,6,0,At Risk
16647,170,2,214.06,2,1,1,4,0,At Risk
16648,43,1,290.66,3,1,2,6,3,Potential Loyalists
16650,72,1,518.42,2,1,3,6,0,At Risk
16652,59,7,6773.97,3,4,5,12,2,Loyal Customers
16653,16,2,1212.66,4,1,4,9,3,Potential Loyalists
16654,141,4,601.27,2,3,3,8,2,Loyal Customers
16655,18,6,3776.4700000000003,4,3,5,12,1,Champions
16656,22,15,8625.8,4,4,5,13,1,Champions
16657,10,4,864.81,5,3,3,11,3,Potential Loyalists
16658,368,1,123.24,1,1,1,3,0,At Risk
16659,189,1,39.12,1,1,1,3,0,At Risk
16660,16,4,1267.65,4,3,4,11,2,Loyal Customers
16665,362,1,135.4,1,1,1,3,0,At Risk
16666,19,1,118.98,4,1,1,6,3,Potential Loyalists
16667,68,2,567.1800000000001,3,1,3,7,0,At Risk
16668,15,6,306.72,4,3,2,9,3,Potential Loyalists
16669,24,3,1323.08,4,2,4,10,2,Loyal Customers
16670,17,11,4095.9,4,4,5,13,1,Champions
16671,28,3,1692.27,4,2,4,10,2,Loyal Customers
16672,2,20,8134.9400000000005,5,4,5,14,1,Champions
16674,55,2,304.24,3,1,2,6,0,At Risk
16676,34,4,1592.12,3,3,4,10,2,Loyal Customers
16678,3,12,3109.99,5,4,5,14,1,Champions
16679,366,1,129.75,1,1,1,3,0,At Risk
16680,43,1,183.7,3,1,1,5,0,At Risk
16681,73,6,1770.3400000000001,2,3,4,9,2,Loyal Customers
16682,5,5,1028.0,5,3,4,12,1,Champions
16684,4,28,66653.56,5,4,5,14,1,Champions
16685,61,2,322.68,3,1,2,6,0,At Risk
16686,47,7,2930.31,3,4,5,12,2,Loyal Customers
16688,1,4,1260.8600000000001,5,3,4,12,1,Champions
16689,76,2,422.6,2,1,2,5,0,At Risk
16690,72,2,225.58,2,1,1,4,0,At Risk
16692,256,2,1276.0,1,1,4,6,2,Loyal Customers
16693,69,2,477.86,3,1,3,7,0,At Risk
16696,135,4,657.9,2,3,3,8,2,Loyal Customers
16697,241,1,108.25,1,1,1,3,0,At Risk
16698,227,2,1998.0,1,1,5,7,2,Loyal Customers
16700,9,13,5076.55,5,4,5,14,1,Champions
16701,9,13,5398.3,5,4,5,14,1,Champions
16705,1,20,14034.99,5,4,5,14,1,Champions
16706,37,3,519.45,3,2,3,8,3,Potential Loyalists
16708,46,1,656.63,3,1,3,7,3,Potential Loyalists
16709,85,5,3029.87,2,3,5,10,2,Loyal Customers
16710,19,10,2425.09,4,4,5,13,1,Champions
16711,3,5,1651.03,5,3,4,12,1,Champions
16712,9,11,3538.98,5,4,5,14,1,Champions
16713,19,15,6902.4800000000005,4,4,5,13,1,Champions
16714,219,3,1049.31,1,2,4,7,2,Loyal Customers
16715,78,1,301.71999999999997,2,1,2,5,0,At Risk
16716,267,2,901.2,1,1,4,6,0,At Risk
16717,24,6,3843.08,4,3,5,12,1,Champions
16718,369,1,582.14,1,1,3,5,0,At Risk
16719,15,7,1743.27,4,4,4,12,1,Champions
16720,26,1,152.95,4,1,1,6,3,Potential Loyalists
16721,262,1,292.47,1,1,2,4,0,At Risk
16722,17,13,4730.81,4,4,5,13,1,Champions
16723,91,2,510.0,2,1,3,6,0,At Risk
16725,302,7,718.07,1,4,3,8,2,Loyal Customers
16726,26,5,1221.11,4,3,4,11,2,Loyal Customers
16727,364,1,240.47,1,1,2,4,0,At Risk
16728,46,4,1032.73,3,3,4,10,2,Loyal Customers
16729,38,21,7156.16,3,4,5,12,1,Champions
16730,52,3,713.43,3,2,3,8,2,Loyal Customers
16732,32,1,603.75,4,1,3,8,3,Potential Loyalists
16734,52,3,616.06,3,2,3,8,2,Loyal Customers
16735,79,5,2207.56,2,3,5,10,2,Loyal Customers
16737,53,1,417.6,3,1,2,6,0,At Risk
16738,298,1,3.75,1,1,1,3,0,At Risk
16739,177,1,323.0,2,1,2,5,0,At Risk
16742,47,1,464.9,3,1,3,7,3,Potential Loyalists
16743,29,7,2208.45,4,4,5,13,2,Loyal Customers
16744,11,7,1291.52,5,4,4,13,1,Champions
16745,87,17,7158.3,2,4,5,11,1,Champions
16746,5,18,6673.91,5,4,5,14,1,Champions
16747,38,2,836.0600000000001,3,1,3,7,2,Loyal Customers
16748,18,5,1515.9,4,3,4,11,2,Loyal Customers
16750,45,5,623.93,3,3,3,9,2,Loyal Customers
16751,31,1,1619.72,4,1,4,9,3,Potential Loyalists
16752,373,1,207.5,1,1,1,3,0,At Risk
16753,58,1,223.92000000000002,3,1,1,5,0,At Risk
16754,372,1,2002.4,1,1,5,7,0,At Risk
16755,114,3,1471.68,2,2,4,8,2,Loyal Customers
16756,215,1,239.4,1,1,2,4,0,At Risk
16757,319,1,106.83000000000001,1,1,1,3,0,At Risk
16758,65,1,369.34000000000003,3,1,2,6,0,At Risk
16759,8,3,789.79,5,2,3,10,3,Potential Loyalists
16761,97,1,316.62,2,1,2,5,0,At Risk
16762,20,3,1207.24,4,2,4,10,2,Loyal Customers
16763,199,1,611.8499999999999,1,1,3,5,0,At Risk
16764,4,13,2755.91,5,4,5,14,1,Champions
16765,294,1,34.0,1,1,1,3,0,At Risk
16766,273,2,1145.6,1,1,4,6,0,At Risk
16767,31,11,5565.4800000000005,4,4,5,13,1,Champions
16768,48,3,469.24,3,2,3,8,2,Loyal Customers
16769,260,1,306.64,1,1,2,4,0,At Risk
16770,58,5,744.89,3,3,3,9,2,Loyal Customers
16771,33,5,2241.77,4,3,5,12,2,Loyal Customers
16773,57,1,160.34,3,1,1,5,0,At Risk
16774,68,4,652.67,3,3,3,9,2,Loyal Customers
16775,10,11,1691.51,5,4,4,13,1,Champions
16776,60,1,337.31,3,1,2,6,0,At Risk
16777,80,2,216.38,2,1,1,4,0,At Risk
16778,74,2,245.94,2,1,2,5,0,At Risk
16779,2,22,10605.12,5,4,5,14,1,Champions
16780,100,2,409.99,2,1,2,5,0,At Risk
16781,372,1,311.25,1,1,2,4,0,At Risk
16782,10,13,2267.9500000000003,5,4,5,14,1,Champions
16784,20,1,107.6,4,1,1,6,3,Potential Loyalists
16788,123,2,592.3100000000001,2,1,3,6,0,At Risk
16789,8,1,80.80000000000001,5,1,1,7,3,Potential Loyalists
16790,4,6,1545.6200000000001,5,3,4,12,1,Champions
16791,29,7,1699.98,4,4,4,12,2,Loyal Customers
16792,282,2,99.13,1,1,1,3,0,At Risk
16793,57,1,243.84,3,1,2,6,0,At Risk
16794,1,10,1162.95,5,4,4,13,1,Champions
16795,365,1,398.08,1,1,2,4,0,At Risk
16796,89,1,305.62,2,1,2,5,0,At Risk
16800,11,1,1117.48,5,1,4,10,3,Potential Loyalists
16801,163,4,1594.23,2,3,4,9,2,Loyal Customers
16803,65,1,332.3,3,1,2,6,0,At Risk
16804,23,3,536.99,4,2,3,9,3,Potential Loyalists
16805,174,2,460.59000000000003,2,1,3,6,0,At Risk
16806,103,4,760.21,2,3,3,8,2,Loyal Customers
16807,143,3,1121.59,2,2,4,8,2,Loyal Customers
16808,99,2,288.42,2,1,2,5,0,At Risk
16809,23,5,899.77,4,3,4,11,2,Loyal Customers
16810,192,1,309.54,1,1,2,4,0,At Risk
16811,5,2,547.07,5,1,3,9,3,Potential Loyalists
16812,361,1,479.35,1,1,3,5,0,At Risk
16813,8,10,1627.31,5,4,4,13,1,Champions
16814,14,21,6416.7,4,4,5,13,1,Champions
16816,103,4,417.06,2,3,2,7,2,Loyal Customers
16817,3,9,1604.75,5,4,4,13,1,Champions
16818,11,11,3349.57,5,4,5,14,1,Champions
16820,96,1,497.61,2,1,3,6,0,At Risk
16823,227,1,323.58,1,1,2,4,0,At Risk
16824,16,2,460.64,4,1,3,8,3,Potential Loyalists
16825,39,2,775.18,3,1,3,7,3,Potential Loyalists
16826,51,1,341.7,3,1,2,6,0,At Risk
16828,93,2,128.5,2,1,1,4,0,At Risk
16829,157,1,197.22,2,1,1,4,0,At Risk
16830,39,1,325.91,3,1,2,6,3,Potential Loyalists
16832,184,3,199.15,1,2,1,4,0,At Risk
16833,1,4,1106.53,5,3,4,12,3,Potential Loyalists
16834,228,1,413.46,1,1,2,4,0,At Risk
16835,128,2,180.85,2,1,1,4,0,At Risk
16836,40,2,251.87,3,1,2,6,3,Potential Loyalists
16837,31,11,3170.98,4,4,5,13,1,Champions
16838,197,2,588.85,1,1,3,5,0,At Risk
16839,9,34,16594.35,5,4,5,14,1,Champions
16841,37,6,1869.82,3,3,4,10,2,Loyal Customers
16842,101,3,1264.19,2,2,4,8,2,Loyal Customers
16843,43,16,10196.57,3,4,5,12,1,Champions
16846,50,1,214.32,3,1,1,5,0,At Risk
16847,43,1,193.44,3,1,1,5,0,At Risk
16848,53,1,281.42,3,1,2,6,0,At Risk
16849,187,1,124.57,1,1,1,3,0,At Risk
16850,334,1,332.41,1,1,2,4,0,At Risk
16851,4,3,342.45,5,2,2,9,3,Potential Loyalists
16852,10,2,144.91,5,1,1,7,3,Potential Loyalists
16855,24,2,328.40000000000003,4,1,2,7,3,Potential Loyalists
16856,15,1,35.400000000000006,4,1,1,6,3,Potential Loyalists
16858,369,1,345.69000000000005,1,1,2,4,0,At Risk
16859,145,2,747.81,2,1,3,6,0,At Risk
16861,60,2,173.76,3,1,1,5,0,At Risk
16863,31,2,502.8,4,1,3,8,3,Potential Loyalists
16866,141,3,207.74,2,2,1,5,0,At Risk
16869,23,4,808.82,4,3,3,10,2,Loyal Customers
16871,22,6,2812.34,4,3,5,12,2,Loyal Customers
16872,77,3,680.02,2,2,3,7,2,Loyal Customers
16873,5,6,7123.62,5,3,5,13,1,Champions
16875,67,5,2095.53,3,3,5,11,2,Loyal Customers
16877,12,6,844.12,5,3,3,11,2,Loyal Customers
16878,84,1,13.3,2,1,1,4,0,At Risk
16880,31,7,1450.58,4,4,4,12,2,Loyal Customers
16881,67,1,432.0,3,1,2,6,0,At Risk
16882,67,3,705.12,3,2,3,8,2,Loyal Customers
16883,187,2,272.48,1,1,2,4,0,At Risk
16884,38,2,429.84,3,1,2,6,3,Potential Loyalists
16885,15,3,407.98,4,2,2,8,3,Potential Loyalists
16887,35,1,166.82999999999998,3,1,1,5,3,Potential Loyalists
16889,195,3,1575.82,1,2,4,7,2,Loyal Customers
16891,2,5,723.84,5,3,3,11,3,Potential Loyalists
16892,1,5,518.19,5,3,3,11,3,Potential Loyalists
16893,367,1,144.24,1,1,1,3,0,At Risk
16895,65,1,183.53,3,1,1,5,0,At Risk
16897,299,2,289.78,1,1,2,4,0,At Risk
16898,26,3,501.03000000000003,4,2,3,9,3,Potential Loyalists
16899,8,6,1271.06,5,3,4,12,1,Champions
16900,17,3,887.11,4,2,4,10,3,Potential Loyalists
16902,116,1,1679.38,2,1,4,7,2,Loyal Customers
16903,29,1,330.65,4,1,2,7,3,Potential Loyalists
16904,4,16,3631.86,5,4,5,14,1,Champions
16905,5,7,2813.87,5,4,5,14,1,Champions
16906,82,4,536.54,2,3,3,8,2,Loyal Customers
16907,29,5,928.76,4,3,4,11,2,Loyal Customers
16909,72,1,379.14,2,1,2,5,0,At Risk
16910,4,8,1508.96,5,4,4,13,1,Champions
16912,29,11,2555.58,4,4,5,13,1,Champions
16913,290,1,113.44,1,1,1,3,0,At Risk
16914,36,1,167.14,3,1,1,5,3,Potential Loyalists
16915,9,6,621.6800000000001,5,3,3,11,3,Potential Loyalists
16916,24,2,547.66,4,1,3,8,3,Potential Loyalists
16917,277,1,391.52,1,1,2,4,0,At Risk
16918,49,6,1044.6200000000001,3,3,4,10,2,Loyal Customers
16919,156,11,2592.25,2,4,5,11,2,Loyal Customers
16921,61,1,143.18,3,1,1,5,0,At Risk
16923,12,19,6882.84,5,4,5,14,1,Champions
16924,21,3,825.33,4,2,3,9,3,Potential Loyalists
16926,371,1,230.25,1,1,1,3,0,At Risk
16927,116,3,543.05,2,2,3,7,2,Loyal Customers
16928,80,17,2668.55,2,4,5,11,1,Champions
16929,4,7,1295.39,5,4,4,13,1,Champions
16930,26,3,378.89,4,2,2,8,3,Potential Loyalists
16931,5,21,4527.13,5,4,5,14,1,Champions
16932,53,1,130.93,3,1,1,5,0,At Risk
16933,1,2,553.33,5,1,3,9,3,Potential Loyalists
16934,55,2,905.53,3,1,4,8,2,Loyal Customers
16936,26,1,261.9,4,1,2,7,3,Potential Loyalists
16938,9,4,2687.78,5,3,5,13,1,Champions
16940,52,3,3038.94,3,2,5,10,2,Loyal Customers
16942,13,9,1888.8,5,4,4,13,1,Champions
16943,212,3,816.73,1,2,3,6,2,Loyal Customers
16945,22,19,4345.5,4,4,5,13,1,Champions
16947,236,1,406.48,1,1,2,4,0,At Risk
16948,139,3,435.02,2,2,2,6,0,At Risk
16949,4,6,1286.27,5,3,4,12,1,Champions
16950,57,3,1174.36,3,2,4,9,2,Loyal Customers
16951,135,3,1277.75,2,2,4,8,2,Loyal Customers
16952,109,2,167.61,2,1,1,4,0,At Risk
16953,30,1,20.8,4,1,1,6,0,At Risk
16954,1,9,2085.08,5,4,5,14,1,Champions
16955,185,4,518.67,1,3,3,7,2,Loyal Customers
16956,18,1,308.74,4,1,2,7,3,Potential Loyalists
16957,239,2,416.64,1,1,2,4,0,At Risk
16959,87,1,117.35000000000001,2,1,1,4,0,At Risk
16960,39,3,507.05,3,2,3,8,3,Potential Loyalists
16961,116,1,234.17000000000002,2,1,1,4,0,At Risk
16963,187,1,110.55000000000001,1,1,1,3,0,At Risk
16965,227,1,201.19,1,1,1,3,0,At Risk
16966,8,7,2154.97,5,4,5,14,1,Champions
16967,189,1,319.02,1,1,2,4,0,At Risk
16968,4,2,439.43,5,1,2,8,3,Potential Loyalists
16969,39,3,650.41,3,2,3,8,2,Loyal Customers
16971,38,1,355.51,3,1,2,6,3,Potential Loyalists
16976,267,1,251.51999999999998,1,1,2,4,0,At Risk
16978,77,1,344.33,2,1,2,5,0,At Risk
16979,4,6,1844.53,5,3,4,12,1,Champions
16980,255,2,999.21,1,1,4,6,0,At Risk
16982,61,1,384.06,3,1,2,6,0,At Risk
16983,13,7,1899.21,5,4,4,13,1,Champions
16984,88,2,4294.09,2,1,5,8,2,Loyal Customers
16985,17,10,5464.12,4,4,5,13,1,Champions
16986,30,2,1873.2,4,1,4,9,2,Loyal Customers
16987,3,7,1571.85,5,4,4,13,1,Champions
16988,5,1,126.12,5,1,1,7,3,Potential Loyalists
16989,7,6,1133.25,5,3,4,12,1,Champions
16990,219,1,179.0,1,1,1,3,0,At Risk
16992,11,5,1614.31,5,3,4,12,2,Loyal Customers
16996,30,6,1456.96,4,3,4,11,2,Loyal Customers
16997,288,3,702.0,1,2,3,6,0,At Risk
16998,150,4,295.0,2,3,2,7,0,At Risk
16999,23,2,484.82,4,1,3,8,3,Potential Loyalists
17001,1,11,3989.57,5,4,5,14,1,Champions
17002,86,3,1493.73,2,2,4,8,2,Loyal Customers
17004,46,2,1312.1399999999999,3,1,4,8,2,Loyal Customers
17006,5,4,781.78,5,3,3,11,3,Potential Loyalists
17007,51,6,889.9300000000001,3,3,4,10,2,Loyal Customers
17010,18,1,195.36,4,1,1,6,3,Potential Loyalists
17011,30,1,270.9,4,1,2,7,3,Potential Loyalists
17014,8,3,578.48,5,2,3,10,3,Potential Loyalists
17015,29,3,1834.86,4,2,4,10,2,Loyal Customers
17017,3,20,8694.26,5,4,5,14,1,Champions
17018,41,2,920.1,3,1,4,8,2,Loyal Customers
17019,11,4,1208.02,5,3,4,12,2,Loyal Customers
17022,31,1,71.0,4,1,1,6,0,At Risk
17024,45,3,95.85,3,2,1,6,0,At Risk
17025,61,3,357.77,3,2,2,7,2,Loyal Customers
17026,185,2,154.83,1,1,1,3,0,At Risk
17027,79,6,839.66,2,3,3,8,2,Loyal Customers
17029,111,2,716.0,2,1,3,6,0,At Risk
17030,64,1,146.87,3,1,1,5,0,At Risk
17031,12,2,380.35,5,1,2,8,3,Potential Loyalists
17033,86,3,1030.14,2,2,4,8,2,Loyal Customers
17034,16,3,745.52,4,2,3,9,3,Potential Loyalists
17035,246,2,433.53000000000003,1,1,2,4,0,At Risk
17037,88,1,1267.32,2,1,4,7,2,Loyal Customers
17038,30,1,112.4,4,1,1,6,3,Potential Loyalists
17040,138,1,449.73,2,1,2,5,0,At Risk
17041,27,3,1071.49,4,2,4,10,2,Loyal Customers
17042,3,5,1036.58,5,3,4,12,1,Champions
17043,32,4,1735.18,4,3,4,11,2,Loyal Customers
17044,25,1,948.48,4,1,4,9,3,Potential Loyalists
17045,113,3,339.44,2,2,2,6,0,At Risk
17046,157,1,642.02,2,1,3,6,0,At Risk
17047,85,3,1100.9,2,2,4,8,2,Loyal Customers
17048,118,3,925.35,2,2,4,8,2,Loyal Customers
17049,3,9,5655.03,5,4,5,14,1,Champions
17050,96,6,3153.2400000000002,2,3,5,10,2,Loyal Customers
17051,194,1,230.69,1,1,1,3,0,At Risk
17052,28,1,349.9,4,1,2,7,3,Potential Loyalists
17053,131,1,498.48,2,1,3,6,0,At Risk
17054,28,5,1356.33,4,3,4,11,2,Loyal Customers
17058,82,3,1179.89,2,2,4,8,2,Loyal Customers
17059,30,5,3050.82,4,3,5,12,2,Loyal Customers
17060,266,1,234.24,1,1,1,3,0,At Risk
17061,74,11,5232.2300000000005,2,4,5,11,1,Champions
17062,314,4,533.33,1,3,3,7,0,At Risk
17063,21,7,1461.14,4,4,4,12,2,Loyal Customers
17064,59,3,852.5,3,2,3,8,2,Loyal Customers
17068,12,21,4552.14,5,4,5,14,1,Champions
17069,28,9,2709.7000000000003,4,4,5,13,1,Champions
17070,114,1,304.24,2,1,2,5,0,At Risk
17071,28,9,2429.03,4,4,5,13,1,Champions
17073,18,4,1427.99,4,3,4,11,2,Loyal Customers
17075,18,4,834.12,4,3,3,10,2,Loyal Customers
17076,36,3,841.0799999999999,3,2,3,8,2,Loyal Customers
17078,36,2,378.2,3,1,2,6,3,Potential Loyalists
17079,78,1,118.80000000000001,2,1,1,4,0,At Risk
17080,22,2,287.62,4,1,2,7,3,Potential Loyalists
17081,25,2,288.91,4,1,2,7,3,Potential Loyalists
17082,33,2,2003.8500000000001,4,1,5,10,2,Loyal Customers
17083,109,3,1405.78,2,2,4,8,2,Loyal Customers
17084,35,2,2712.71,3,1,5,9,2,Loyal Customers
17085,123,5,1562.4,2,3,4,9,2,Loyal Customers
17086,7,6,2050.08,5,3,5,13,1,Champions
17088,28,4,1991.01,4,3,5,12,2,Loyal Customers
17090,4,7,1968.75,5,4,5,14,1,Champions
17091,3,9,3827.76,5,4,5,14,1,Champions
17092,50,4,1746.43,3,3,4,10,2,Loyal Customers
17094,322,1,302.0,1,1,2,4,0,At Risk
17095,23,3,1324.16,4,2,4,10,2,Loyal Customers
17096,15,4,1022.13,4,3,4,11,2,Loyal Customers
17100,18,2,971.74,4,1,4,9,3,Potential Loyalists
17101,10,4,1621.73,5,3,4,12,2,Loyal Customers
17102,262,1,25.5,1,1,1,3,0,At Risk
17105,159,2,665.78,2,1,3,6,0,At Risk
17107,33,6,10698.43,4,3,5,12,1,Champions
17109,29,6,837.22,4,3,3,10,2,Loyal Customers
17110,165,1,163.29999999999998,2,1,1,4,0,At Risk
17111,47,1,231.61,3,1,1,5,0,At Risk
17114,6,8,793.66,5,4,3,12,1,Champions
17115,8,3,837.5,5,2,3,10,3,Potential Loyalists
17117,288,1,116.2,1,1,1,3,0,At Risk
17118,318,1,157.02,1,1,1,3,0,At Risk
17119,3,2,606.91,5,1,3,9,3,Potential Loyalists
17120,233,1,307.46,1,1,2,4,0,At Risk
17122,119,1,138.32,2,1,1,4,0,At Risk
17123,162,1,345.3,2,1,2,5,0,At Risk
17124,185,1,294.24,1,1,2,4,0,At Risk
17125,50,1,211.75,3,1,1,5,0,At Risk
17126,152,5,960.6,2,3,4,9,2,Loyal Customers
17128,335,1,157.09,1,1,1,3,0,At Risk
17131,5,5,2295.72,5,3,5,13,1,Champions
17133,16,7,4892.240000000001,4,4,5,13,1,Champions
17134,107,2,413.2,2,1,2,5,0,At Risk
17135,16,7,1139.73,4,4,4,12,2,Loyal Customers
17138,276,1,380.5,1,1,2,4,0,At Risk
17139,16,12,10650.77,4,4,5,13,1,Champions
17140,247,1,441.48,1,1,2,4,0,At Risk
17142,239,1,579.0,1,1,3,5,0,At Risk
17144,1,2,984.57,5,1,4,10,3,Potential Loyalists
17146,106,3,749.78,2,2,3,7,2,Loyal Customers
17147,23,4,1714.59,4,3,4,11,2,Loyal Customers
17148,52,1,124.88,3,1,1,5,0,At Risk
17152,195,3,1689.5,1,2,4,7,2,Loyal Customers
17153,24,1,213.78,4,1,1,6,3,Potential Loyalists
17154,75,1,329.34,2,1,2,5,0,At Risk
17155,18,2,251.7,4,1,2,7,3,Potential Loyalists
17157,8,2,319.0,5,1,2,8,3,Potential Loyalists
17158,32,3,1266.97,4,2,4,10,2,Loyal Customers
17159,22,3,1538.88,4,2,4,10,2,Loyal Customers
17160,31,6,3518.03,4,3,5,12,2,Loyal Customers
17162,29,10,1715.46,4,4,4,12,1,Champions
17163,22,2,293.1,4,1,2,7,3,Potential Loyalists
17164,33,7,2467.35,4,4,5,13,2,Loyal Customers
17165,284,1,158.68,1,1,1,3,0,At Risk
17166,39,2,206.34,3,1,1,5,3,Potential Loyalists
17169,58,2,835.78,3,1,3,7,2,Loyal Customers
17171,289,1,224.91,1,1,1,3,0,At Risk
17172,79,1,317.76,2,1,2,5,0,At Risk
17173,5,8,3766.6,5,4,5,14,1,Champions
17174,218,1,59.9,1,1,1,3,0,At Risk
17175,44,4,1443.69,3,3,4,10,2,Loyal Customers
17176,202,1,306.13,1,1,2,4,0,At Risk
17179,178,3,711.79,2,2,3,7,2,Loyal Customers
17180,56,4,783.97,3,3,3,9,2,Loyal Customers
17181,57,2,239.92000000000002,3,1,2,6,0,At Risk
17183,8,6,3347.31,5,3,5,13,1,Champions
17186,47,2,144.0,3,1,1,5,0,At Risk
17187,227,1,203.95,1,1,1,3,0,At Risk
17188,11,7,2474.23,5,4,5,14,1,Champions
17189,106,2,377.5,2,1,2,5,0,At Risk
17190,59,2,444.74,3,1,2,6,0,At Risk
17191,28,7,2041.18,4,4,5,13,2,Loyal Customers
17193,36,7,1699.3,3,4,4,11,2,Loyal Customers
17194,274,2,237.62,1,1,2,4,0,At Risk
17197,30,1,1013.01,4,1,4,9,3,Potential Loyalists
17198,24,3,669.12,4,2,3,9,3,Potential Loyalists
17201,54,1,289.78000000000003,3,1,2,6,0,At Risk
17203,36,6,3556.28,3,3,5,11,2,Loyal Customers
17204,175,4,1564.56,2,3,4,9,2,Loyal Customers
17205,54,1,384.08,3,1,2,6,0,At Risk
17206,53,1,204.24,3,1,1,5,0,At Risk
17211,27,8,2309.14,4,4,5,13,1,Champions
17212,253,1,226.85,1,1,1,3,0,At Risk
17213,40,7,2781.23,3,4,5,12,2,Loyal Customers
17214,60,6,1046.67,3,3,4,10,2,Loyal Customers
17217,234,1,113.5,1,1,1,3,0,At Risk
17218,4,10,1921.53,5,4,4,13,1,Champions
17219,32,1,112.53,4,1,1,6,3,Potential Loyalists
17220,24,14,3144.96,4,4,5,13,1,Champions
17221,7,2,334.48,5,1,2,8,3,Potential Loyalists
17222,65,1,328.65,3,1,2,6,0,At Risk
17223,310,2,403.37,1,1,2,4,0,At Risk
17226,309,1,393.49,1,1,2,4,0,At Risk
17227,19,6,865.07,4,3,3,10,2,Loyal Customers
17228,16,8,1897.77,4,4,4,12,1,Champions
17229,96,2,318.76,2,1,2,5,0,At Risk
17230,264,8,3638.41,1,4,5,10,2,Loyal Customers
17231,12,10,3067.62,5,4,5,14,1,Champions
17232,3,2,417.77,5,1,2,8,3,Potential Loyalists
17233,35,1,190.88,3,1,1,5,3,Potential Loyalists
17234,183,1,149.89,1,1,1,3,0,At Risk
17235,25,2,550.0600000000001,4,1,3,8,3,Potential Loyalists
17236,13,6,905.73,5,3,4,12,2,Loyal Customers
17237,11,2,314.69,5,1,2,8,3,Potential Loyalists
17238,3,17,3558.73,5,4,5,14,1,Champions
17239,313,1,382.5,1,1,2,4,0,At Risk
17242,108,2,1135.04,2,1,4,7,2,Loyal Customers
17243,1,26,8442.25,5,4,5,14,1,Champions
17244,53,1,954.9,3,1,4,8,3,Potential Loyalists
17245,205,1,171.45000000000002,1,1,1,3,0,At Risk
17247,15,1,275.89,4,1,2,7,3,Potential Loyalists
17248,120,1,312.05,2,1,2,5,0,At Risk
17250,4,2,381.32,5,1,2,8,3,Potential Loyalists
17251,363,1,269.83,1,1,2,4,0,At Risk
17252,117,2,348.90999999999997,2,1,2,5,0,At Risk
17253,18,1,178.26,4,1,1,6,3,Potential Loyalists
17254,5,2,271.19,5,1,2,8,3,Potential Loyalists
17255,41,2,264.05,3,1,2,6,3,Potential Loyalists
17256,107,2,222.15,2,1,1,4,0,At Risk
17259,148,2,557.98,2,1,3,6,0,At Risk
17262,52,5,1253.3600000000001,3,3,4,10,2,Loyal Customers
17263,208,1,63.440000000000005,1,1,1,3,0,At Risk
17265,139,2,538.8000000000001,2,1,3,6,0,At Risk
17266,2,3,262.59,5,2,2,9,3,Potential Loyalists
17267,127,2,317.2,2,1,2,5,0,At Risk
17268,108,4,763.64,2,3,3,8,2,Loyal Customers
17272,42,4,2148.63,3,3,5,11,2,Loyal Customers
17274,35,1,103.32,3,1,1,5,0,At Risk
17277,228,2,1065.3500000000001,1,1,4,6,0,At Risk
17278,241,1,246.04000000000002,1,1,2,4,0,At Risk
17279,58,1,181.93,3,1,1,5,0,At Risk
17282,130,3,1684.01,2,2,4,8,2,Loyal Customers
17284,60,6,1638.1299999999999,3,3,4,10,2,Loyal Customers
17286,22,1,151.37,4,1,1,6,3,Potential Loyalists
17287,26,7,1049.06,4,4,4,12,2,Loyal Customers
17288,9,7,1391.34,5,4,4,13,1,Champions
17289,32,3,893.36,4,2,4,10,2,Loyal Customers
17290,4,2,509.02,5,1,3,9,3,Potential Loyalists
17291,308,1,550.8000000000001,1,1,3,5,0,At Risk
17293,8,9,1835.21,5,4,4,13,1,Champions
17295,29,3,547.0,4,2,3,9,3,Potential Loyalists
17297,17,1,128.18,4,1,1,6,3,Potential Loyalists
17298,101,2,498.42,2,1,3,6,0,At Risk
17299,12,4,656.61,5,3,3,11,3,Potential Loyalists
17301,21,1,163.24,4,1,1,6,3,Potential Loyalists
17302,15,5,1135.63,4,3,4,11,2,Loyal Customers
17303,361,1,250.04,1,1,2,4,0,At Risk
17306,11,19,8631.31,5,4,5,14,1,Champions
17309,95,1,79.0,2,1,1,4,0,At Risk
17311,78,2,1384.85,2,1,4,7,2,Loyal Customers
17312,139,3,644.3,2,2,3,7,2,Loyal Customers
17313,31,1,2328.84,4,1,5,10,2,Loyal Customers
17314,25,8,2527.92,4,4,5,13,1,Champions
17315,2,38,6245.57,5,4,5,14,1,Champions
17317,46,3,2600.34,3,2,5,10,2,Loyal Customers
17320,100,3,1200.6200000000001,2,2,4,8,2,Loyal Customers
17321,8,2,639.26,5,1,3,9,3,Potential Loyalists
17323,15,7,901.09,4,4,4,12,2,Loyal Customers
17324,18,4,986.48,4,3,4,11,2,Loyal Customers
17325,280,1,96.8,1,1,1,3,0,At Risk
17329,14,2,523.11,4,1,3,8,3,Potential Loyalists
17330,23,2,363.9,4,1,2,7,3,Potential Loyalists
17331,124,1,175.2,2,1,1,4,0,At Risk
17333,86,1,494.25,2,1,3,6,0,At Risk
17334,302,2,307.02000000000004,1,1,2,4,0,At Risk
17337,151,4,1947.48,2,3,5,10,2,Loyal Customers
17338,17,8,6273.78,4,4,5,13,1,Champions
17339,94,2,243.36,2,1,2,5,0,At Risk
17340,30,11,12353.29,4,4,5,13,1,Champions
17341,157,3,657.24,2,2,3,7,2,Loyal Customers
17343,355,1,193.64,1,1,1,3,0,At Risk
17344,46,1,157.62,3,1,1,5,0,At Risk
17345,15,4,481.65999999999997,4,3,3,10,3,Potential Loyalists
17346,4,15,2600.01,5,4,5,14,1,Champions
17347,86,1,228.96,2,1,1,4,0,At Risk
17348,15,5,1140.64,4,3,4,11,2,Loyal Customers
17349,179,1,98.25,1,1,1,3,0,At Risk
17350,8,4,1268.32,5,3,4,12,3,Potential Loyalists
17351,36,3,587.15,3,2,3,8,2,Loyal Customers
17353,129,2,1740.0,2,1,4,7,2,Loyal Customers
17354,51,1,1294.06,3,1,4,8,2,Loyal Customers
17356,312,1,178.22,1,1,1,3,0,At Risk
17357,24,2,372.36,4,1,2,7,3,Potential Loyalists
17358,303,2,351.96,1,1,2,4,0,At Risk
17359,11,1,84.3,5,1,1,7,3,Potential Loyalists
17360,17,3,529.99,4,2,3,9,3,Potential Loyalists
17361,49,3,469.45,3,2,3,8,2,Loyal Customers
17362,239,2,312.23,1,1,2,4,0,At Risk
17364,1,11,4438.04,5,4,5,14,1,Champions
17365,13,8,4551.06,5,4,5,14,1,Champions
17367,238,1,167.55,1,1,1,3,0,At Risk
17368,23,8,1581.87,4,4,4,12,2,Loyal Customers
17370,73,4,446.18,2,3,2,7,2,Loyal Customers
17371,17,3,418.4,4,2,2,8,3,Potential Loyalists
17372,41,8,1324.53,3,4,4,11,2,Loyal Customers
17373,40,4,646.92,3,3,3,9,2,Loyal Customers
17374,219,2,495.77,1,1,3,5,0,At Risk
17375,199,3,400.1,1,2,2,5,0,At Risk
17376,71,2,203.2,3,1,1,5,0,At Risk
17377,24,20,4019.7200000000003,4,4,5,13,1,Champions
17379,11,1,339.34,5,1,2,8,3,Potential Loyalists
17381,9,29,20275.61,5,4,5,14,1,Champions
17382,65,1,65.4,3,1,1,5,0,At Risk
17383,4,1,193.39000000000001,5,1,1,7,3,Potential Loyalists
17384,19,2,336.4,4,1,2,7,3,Potential Loyalists
17385,15,1,250.29,4,1,2,7,3,Potential Loyalists
17386,8,6,2686.42,5,3,5,13,1,Champions
17387,20,2,730.31,4,1,3,8,3,Potential Loyalists
17388,78,4,1259.56,2,3,4,9,2,Loyal Customers
17389,1,34,31833.68,5,4,5,14,1,Champions
17391,164,2,508.8,2,1,3,6,0,At Risk
17392,307,2,398.34,1,1,2,4,0,At Risk
17394,219,1,203.86999999999998,1,1,1,3,0,At Risk
17396,39,8,7330.8,3,4,5,12,1,Champions
17397,22,2,681.41,4,1,3,8,3,Potential Loyalists
17398,115,3,653.38,2,2,3,7,2,Loyal Customers
17400,126,5,2068.02,2,3,5,10,2,Loyal Customers
17402,5,13,2633.85,5,4,5,14,1,Champions
17403,36,1,263.92,3,1,2,6,3,Potential Loyalists
17405,1,3,1031.41,5,2,4,11,3,Potential Loyalists
17406,333,3,2157.17,1,2,5,8,2,Loyal Customers
17408,163,1,32.65,2,1,1,4,0,At Risk
17409,185,2,771.85,1,1,3,5,0,At Risk
17410,16,5,1214.72,4,3,4,11,2,Loyal Customers
17411,12,3,778.94,5,2,3,10,3,Potential Loyalists
17412,3,7,1258.06,5,4,4,13,1,Champions
17414,44,2,778.0,3,1,3,7,2,Loyal Customers
17415,79,1,507.84,2,1,3,6,0,At Risk
17416,30,7,6893.42,4,4,5,13,1,Champions
17418,42,2,463.46000000000004,3,1,3,7,3,Potential Loyalists
17419,11,12,4226.57,5,4,5,14,1,Champions
17420,50,3,598.83,3,2,3,8,2,Loyal Customers
17422,16,6,1979.37,4,3,5,12,2,Loyal Customers
17423,46,2,698.41,3,1,3,7,2,Loyal Customers
17425,19,2,759.1700000000001,4,1,3,8,3,Potential Loyalists
17426,8,6,5037.26,5,3,5,13,1,Champions
17427,72,1,100.8,2,1,1,4,0,At Risk
17428,1,28,17256.85,5,4,5,14,1,Champions
17429,128,3,524.9200000000001,2,2,3,7,2,Loyal Customers
17430,33,2,265.76,4,1,2,7,3,Potential Loyalists
17431,313,1,400.09999999999997,1,1,2,4,0,At Risk
17432,18,2,365.76,4,1,2,7,3,Potential Loyalists
17433,88,1,299.86,2,1,2,5,0,At Risk
17434,2,7,2373.82,5,4,5,14,1,Champions
17436,2,2,216.3,5,1,1,7,3,Potential Loyalists
17438,254,1,388.45000000000005,1,1,2,4,0,At Risk
17440,157,3,186.42000000000002,2,2,1,5,0,At Risk
17442,37,6,2248.56,3,3,5,11,2,Loyal Customers
17446,177,2,120.89999999999999,2,1,1,4,0,At Risk
17447,40,2,541.53,3,1,3,7,3,Potential Loyalists
17449,2,7,2516.26,5,4,5,14,1,Champions
17450,8,46,194390.79,5,4,5,14,1,Champions
17451,1,7,1721.4,5,4,4,13,1,Champions
17453,18,2,486.72,4,1,3,8,3,Potential Loyalists
17454,192,4,517.53,1,3,3,7,2,Loyal Customers
17455,204,1,131.7,1,1,1,3,0,At Risk
17456,365,1,249.86,1,1,2,4,0,At Risk
17457,127,5,1737.7,2,3,4,9,2,Loyal Customers
17458,15,1,311.5,4,1,2,7,3,Potential Loyalists
17459,43,2,649.4,3,1,3,7,3,Potential Loyalists
17460,94,6,622.4300000000001,2,3,3,8,2,Loyal Customers
17461,23,3,735.82,4,2,3,9,3,Potential Loyalists
17462,60,2,675.69,3,1,3,7,2,Loyal Customers
17463,16,5,1855.68,4,3,4,11,2,Loyal Customers
17464,158,1,289.96000000000004,2,1,2,5,0,At Risk
17466,10,2,763.28,5,1,3,9,3,Potential Loyalists
17468,10,2,137.0,5,1,1,7,3,Potential Loyalists
17469,16,5,1870.97,4,3,4,11,2,Loyal Customers
17470,45,5,1125.07,3,3,4,10,2,Loyal Customers
17472,191,3,678.59,1,2,3,6,2,Loyal Customers
17475,79,1,194.37,2,1,1,4,0,At Risk
17480,78,1,511.82,2,1,3,6,0,At Risk
17481,4,4,1255.59,5,3,4,12,3,Potential Loyalists
17483,65,3,414.04,3,2,2,7,2,Loyal Customers
17486,261,1,396.87,1,1,2,4,0,At Risk
17489,59,2,376.64,3,1,2,6,0,At Risk
17490,1,7,2092.32,5,4,5,14,1,Champions
17491,1,10,3558.87,5,4,5,14,1,Champions
17492,248,1,374.57,1,1,2,4,0,At Risk
17495,8,2,497.56,5,1,3,9,3,Potential Loyalists
17496,359,1,271.05,1,1,2,4,0,At Risk
17498,76,1,272.21999999999997,2,1,2,5,0,At Risk
17499,290,1,622.88,1,1,3,5,0,At Risk
17500,17,3,1138.0,4,2,4,10,2,Loyal Customers
17501,221,2,288.6,1,1,2,4,0,At Risk
17502,9,4,689.1,5,3,3,11,3,Potential Loyalists
17503,3,2,558.96,5,1,3,9,3,Potential Loyalists
17504,206,9,2997.03,1,4,5,10,2,Loyal Customers
17505,161,2,1145.8400000000001,2,1,4,7,2,Loyal Customers
17506,76,1,302.2,2,1,2,5,0,At Risk
17507,262,2,598.08,1,1,3,5,0,At Risk
17509,58,8,6083.64,3,4,5,12,2,Loyal Customers
17510,25,1,308.48,4,1,2,7,3,Potential Loyalists
17511,3,31,91062.38,5,4,5,14,1,Champions
17512,29,10,2924.9900000000002,4,4,5,13,1,Champions
17513,72,1,513.2,2,1,3,6,0,At Risk
17514,128,1,208.65,2,1,1,4,0,At Risk
17515,31,4,632.77,4,3,3,10,2,Loyal Customers
17516,15,5,758.43,4,3,3,10,2,Loyal Customers
17517,309,1,153.94,1,1,1,3,0,At Risk
17519,17,6,1844.02,4,3,4,11,2,Loyal Customers
17520,54,1,546.81,3,1,3,7,0,At Risk
17521,30,3,723.21,4,2,3,9,2,Loyal Customers
17522,2,5,1058.91,5,3,4,12,1,Champions
17523,11,4,646.49,5,3,3,11,3,Potential Loyalists
17524,361,1,145.0,1,1,1,3,0,At Risk
17525,360,1,422.7,1,1,2,4,0,At Risk
17526,5,4,1195.8999999999999,5,3,4,12,3,Potential Loyalists
17527,54,4,939.37,3,3,4,10,2,Loyal Customers
17528,1,8,3619.12,5,4,5,14,1,Champions
17530,1,10,2342.19,5,4,5,14,1,Champions
17531,190,1,296.7,1,1,2,4,0,At Risk
17534,54,1,223.36,3,1,1,5,0,At Risk
17535,280,1,164.4,1,1,1,3,0,At Risk
17536,177,1,76.5,2,1,1,4,0,At Risk
17537,30,2,887.6700000000001,4,1,4,9,3,Potential Loyalists
17538,26,1,98.42,4,1,1,6,3,Potential Loyalists
17540,25,2,578.9,4,1,3,8,3,Potential Loyalists
17542,270,1,166.4,1,1,1,3,0,At Risk
17545,43,3,637.22,3,2,3,8,2,Loyal Customers
17548,234,1,103.3,1,1,1,3,0,At Risk
17549,24,2,148.86,4,1,1,6,3,Potential Loyalists
17550,197,3,267.16,1,2,2,5,0,At Risk
17551,359,1,290.34,1,1,2,4,0,At Risk
17552,60,4,930.41,3,3,4,10,2,Loyal Customers
17553,130,1,1487.6,2,1,4,7,0,At Risk
17554,1,5,1926.95,5,3,4,12,1,Champions
17555,20,2,470.65999999999997,4,1,3,8,3,Potential Loyalists
17556,206,1,157.9,1,1,1,3,0,At Risk
17557,14,3,541.46,4,2,3,9,3,Potential Loyalists
17560,95,4,854.95,2,3,3,8,2,Loyal Customers
17561,19,1,163.98,4,1,1,6,3,Potential Loyalists
17562,14,7,1122.38,4,4,4,12,2,Loyal Customers
17564,24,3,454.01,4,2,2,8,3,Potential Loyalists
17566,8,2,786.59,5,1,3,9,3,Potential Loyalists
17567,7,8,4331.48,5,4,5,14,1,Champions
17569,332,1,344.14,1,1,2,4,0,At Risk
17571,50,4,1329.99,3,3,4,10,2,Loyal Customers
17572,71,4,226.75000000000003,3,3,1,7,0,At Risk
17573,29,3,380.6,4,2,2,8,3,Potential Loyalists
17574,243,1,185.65,1,1,1,3,0,At Risk
17576,8,19,3549.5,5,4,5,14,1,Champions
17578,218,1,143.45999999999998,1,1,1,3,0,At Risk
17579,5,3,444.3,5,2,2,9,3,Potential Loyalists
17580,253,3,215.72,1,2,1,4,0,At Risk
17581,1,25,11025.24,5,4,5,14,1,Champions
17582,236,1,173.62,1,1,1,3,0,At Risk
17584,7,2,1242.3,5,1,4,10,3,Potential Loyalists
17585,109,4,1103.37,2,3,4,9,2,Loyal Customers
17588,100,3,1240.2,2,2,4,8,2,Loyal Customers
17589,60,4,2396.67,3,3,5,11,2,Loyal Customers
17590,2,3,1429.98,5,2,4,11,3,Potential Loyalists
17591,73,7,2169.36,2,4,5,11,2,Loyal Customers
17593,4,5,3878.07,5,3,5,13,1,Champions
17594,85,2,993.1800000000001,2,1,4,7,2,Loyal Customers
17595,12,2,386.69,5,1,2,8,3,Potential Loyalists
17596,23,7,2717.65,4,4,5,13,1,Champions
17597,214,1,2044.3700000000001,1,1,5,7,2,Loyal Customers
17600,18,1,161.67000000000002,4,1,1,6,3,Potential Loyalists
17601,239,1,116.00999999999999,1,1,1,3,0,At Risk
17602,2,6,4863.42,5,3,5,13,1,Champions
17603,78,1,394.72,2,1,2,5,0,At Risk
17604,217,2,309.36,1,1,2,4,0,At Risk
17608,33,2,191.23,4,1,1,6,3,Potential Loyalists
17609,41,5,1067.22,3,3,4,10,2,Loyal Customers
17611,7,15,3947.32,5,4,5,14,1,Champions
17612,53,6,2048.45,3,3,5,11,2,Loyal Customers
17613,23,14,4511.55,4,4,5,13,1,Champions
17614,57,1,385.48,3,1,2,6,0,At Risk
17615,130,3,329.6,2,2,2,6,0,At Risk
17616,174,3,571.1999999999999,2,2,3,7,0,At Risk
17618,6,3,926.03,5,2,4,11,3,Potential Loyalists
17619,312,1,210.36,1,1,1,3,0,At Risk
17620,60,1,81.44,3,1,1,5,0,At Risk
17621,21,3,1379.9,4,2,4,10,2,Loyal Customers
17623,33,1,527.05,4,1,3,8,3,Potential Loyalists
17624,15,2,843.48,4,1,3,8,3,Potential Loyalists
17625,18,4,1964.02,4,3,5,12,2,Loyal Customers
17628,81,1,75.75,2,1,1,4,0,At Risk
17629,6,8,1814.1200000000001,5,4,4,13,1,Champions
17630,170,2,503.6,2,1,3,6,0,At Risk
17631,2,3,528.33,5,2,3,10,3,Potential Loyalists
17633,31,4,1324.84,4,3,4,11,2,Loyal Customers
17634,36,9,2358.59,3,4,5,12,2,Loyal Customers
17636,19,1,285.56,4,1,2,7,3,Potential Loyalists
17637,31,2,547.0600000000001,4,1,3,8,3,Potential Loyalists
17639,276,1,108.5,1,1,1,3,0,At Risk
17640,87,1,621.66,2,1,3,6,0,At Risk
17642,120,2,712.29,2,1,3,6,0,At Risk
17643,373,1,101.55,1,1,1,3,0,At Risk
17644,1,11,2895.64,5,4,5,14,1,Champions
17646,219,3,1008.39,1,2,4,7,2,Loyal Customers
17647,65,1,133.06,3,1,1,5,0,At Risk
17648,61,4,1797.5,3,3,4,10,2,Loyal Customers
17649,138,1,868.49,2,1,3,6,0,At Risk
17650,21,1,166.07999999999998,4,1,1,6,3,Potential Loyalists
17651,12,10,3945.0,5,4,5,14,1,Champions
17652,25,12,4867.72,4,4,5,13,1,Champions
17653,37,4,1207.56,3,3,4,10,2,Loyal Customers
17654,277,1,117.55,1,1,1,3,0,At Risk
17655,11,7,2638.94,5,4,5,14,1,Champions
17656,73,5,1674.69,2,3,4,9,2,Loyal Customers
17658,26,2,595.42,4,1,3,8,3,Potential Loyalists
17659,17,12,2999.46,4,4,5,13,1,Champions
17660,141,1,177.05,2,1,1,4,0,At Risk
17663,26,7,1802.91,4,4,4,12,2,Loyal Customers
17664,19,2,604.64,4,1,3,8,3,Potential Loyalists
17666,4,2,728.16,5,1,3,9,3,Potential Loyalists
17667,66,5,2055.51,3,3,5,11,2,Loyal Customers
17668,1,2,347.75,5,1,2,8,3,Potential Loyalists
17669,43,7,3406.7200000000003,3,4,5,12,2,Loyal Customers
17670,228,1,205.7,1,1,1,3,0,At Risk
17671,16,4,1572.71,4,3,4,11,2,Loyal Customers
17672,50,2,3178.17,3,1,5,9,2,Loyal Customers
17673,1,6,1584.53,5,3,4,12,1,Champions
17674,74,2,551.04,2,1,3,6,0,At Risk
17675,1,31,20374.28,5,4,5,14,1,Champions
17676,4,6,1371.18,5,3,4,12,1,Champions
17677,2,30,16345.38,5,4,5,14,1,Champions
17678,264,1,298.11,1,1,2,4,0,At Risk
17679,53,2,1992.1100000000001,3,1,5,9,2,Loyal Customers
17680,24,1,184.4,4,1,1,6,3,Potential Loyalists
17682,10,6,2474.33,5,3,5,13,1,Champions
17684,44,1,239.41,3,1,2,6,0,At Risk
17685,17,7,3117.68,4,4,5,13,1,Champions
17686,7,7,5739.46,5,4,5,14,1,Champions
17690,30,15,4718.95,4,4,5,13,1,Champions
17691,358,2,290.40000000000003,1,1,2,4,0,At Risk
17692,127,4,740.94,2,3,3,8,2,Loyal Customers
17693,137,1,200.47,2,1,1,4,0,At Risk
17694,142,1,283.12,2,1,2,5,0,At Risk
17695,132,2,765.34,2,1,3,6,0,At Risk
17696,38,8,2285.71,3,4,5,12,2,Loyal Customers
17697,236,1,338.95,1,1,2,4,0,At Risk
17698,261,1,154.95,1,1,1,3,0,At Risk
17700,17,4,2534.64,4,3,5,12,2,Loyal Customers
17701,253,1,417.95,1,1,2,4,0,At Risk
17702,30,4,1824.37,4,3,4,11,2,Loyal Customers
17703,35,3,798.74,3,2,3,8,2,Loyal Customers
17704,169,2,885.19,2,1,4,7,0,At Risk
17705,3,9,1823.52,5,4,4,13,1,Champions
17706,4,17,10504.49,5,4,5,14,1,Champions
17707,185,2,152.4,1,1,1,3,0,At Risk
17708,188,2,263.33,1,1,2,4,0,At Risk
17709,170,1,137.45,2,1,1,4,0,At Risk
17711,11,2,385.1,5,1,2,8,3,Potential Loyalists
17712,45,1,522.91,3,1,3,7,3,Potential Loyalists
17714,321,1,153.0,1,1,1,3,0,At Risk
17715,201,1,326.4,1,1,2,4,0,At Risk
17716,23,11,5655.99,4,4,5,13,1,Champions
17718,232,1,139.35,1,1,1,3,0,At Risk
17719,38,15,5396.04,3,4,5,12,1,Champions
17720,26,4,1195.94,4,3,4,11,2,Loyal Customers
17722,96,4,2424.04,2,3,5,10,2,Loyal Customers
17723,127,6,3276.4000000000005,2,3,5,10,2,Loyal Customers
17724,71,3,1033.0,3,2,4,9,2,Loyal Customers
17725,16,11,3439.08,4,4,5,13,1,Champions
17727,15,1,1060.25,4,1,4,9,3,Potential Loyalists
17728,4,3,2876.01,5,2,5,12,1,Champions
17730,3,13,5298.4800000000005,5,4,5,14,1,Champions
17731,79,4,1240.11,2,3,4,9,2,Loyal Customers
17732,373,1,303.97,1,1,2,4,0,At Risk
17733,39,2,692.19,3,1,3,7,3,Potential Loyalists
17734,54,3,700.63,3,2,3,8,2,Loyal Customers
17735,2,19,13110.02,5,4,5,14,1,Champions
17736,9,3,377.44,5,2,2,9,3,Potential Loyalists
17737,9,2,168.24,5,1,1,7,3,Potential Loyalists
17738,19,4,1879.05,4,3,4,11,2,Loyal Customers
17739,12,7,2791.35,5,4,5,14,1,Champions
17742,113,2,355.11,2,1,2,5,0,At Risk
17744,4,6,2322.4,5,3,5,13,1,Champions
17746,240,1,110.25,1,1,1,3,0,At Risk
17747,113,1,71.4,2,1,1,4,0,At Risk
17749,178,2,674.52,2,1,3,6,0,At Risk
17750,5,9,1682.4,5,4,4,13,1,Champions
17752,359,1,80.64,1,1,1,3,0,At Risk
17754,1,5,1652.98,5,3,4,12,1,Champions
17757,1,30,5543.89,5,4,5,14,1,Champions
17758,19,8,3365.06,4,4,5,13,1,Champions
17759,17,3,768.96,4,2,3,9,3,Potential Loyalists
17760,22,2,287.59,4,1,2,7,3,Potential Loyalists
17761,33,1,712.78,4,1,3,8,3,Potential Loyalists
17763,263,1,15.0,1,1,1,3,0,At Risk
17764,51,2,772.55,3,1,3,7,2,Loyal Customers
17765,159,3,347.26,2,2,2,6,0,At Risk
17767,15,1,271.2,4,1,2,7,3,Potential Loyalists
17768,8,3,1901.9,5,2,4,11,3,Potential Loyalists
17769,13,10,3909.9900000000002,5,4,5,14,1,Champions
17770,199,5,1143.27,1,3,4,8,2,Loyal Customers
17771,57,2,245.39,3,1,2,6,0,At Risk
17772,11,2,173.45,5,1,1,7,3,Potential Loyalists
17774,97,4,1201.58,2,3,4,9,2,Loyal Customers
17775,255,1,56.4,1,1,1,3,0,At Risk
17777,25,3,630.57,4,2,3,9,3,Potential Loyalists
17779,21,3,647.92,4,2,3,9,3,Potential Loyalists
17781,159,2,188.02,2,1,1,4,0,At Risk
17783,72,2,283.47,2,1,2,5,0,At Risk
17785,53,1,131.94,3,1,1,5,0,At Risk
17786,85,2,254.71,2,1,2,5,0,At Risk
17787,153,4,1790.54,2,3,4,9,2,Loyal Customers
17788,74,2,1117.9,2,1,4,7,2,Loyal Customers
17789,281,1,225.9,1,1,1,3,0,At Risk
17790,27,14,1953.05,4,4,5,13,1,Champions
17791,30,1,106.1,4,1,1,6,3,Potential Loyalists
17793,25,1,290.27,4,1,2,7,3,Potential Loyalists
17795,180,2,337.63,1,1,2,4,0,At Risk
17796,40,4,685.0500000000001,3,3,3,9,2,Loyal Customers
17797,22,3,780.43,4,2,3,9,3,Potential Loyalists
17799,22,10,2999.23,4,4,5,13,1,Champions
17800,37,9,1174.71,3,4,4,11,2,Loyal Customers
17802,82,3,1272.44,2,2,4,8,2,Loyal Customers
17805,74,1,512.31,2,1,3,6,0,At Risk
17806,11,1,546.04,5,1,3,9,3,Potential Loyalists
17809,16,12,5411.91,4,4,5,13,1,Champions
17811,4,39,7644.93,5,4,5,14,1,Champions
17812,13,4,634.43,5,3,3,11,3,Potential Loyalists
17813,14,5,1659.37,4,3,4,11,2,Loyal Customers
17816,37,4,36.56,3,3,1,7,3,Potential Loyalists
17817,4,3,378.83,5,2,2,9,3,Potential Loyalists
17819,72,7,3704.87,2,4,5,11,2,Loyal Customers
17824,51,1,298.4,3,1,2,6,0,At Risk
17827,5,5,1965.36,5,3,5,13,1,Champions
17830,2,3,398.7,5,2,2,9,3,Potential Loyalists
17831,33,1,35.400000000000006,4,1,1,6,0,At Risk
17832,50,1,155.37,3,1,1,5,0,At Risk
17835,3,3,342.24,5,2,2,9,3,Potential Loyalists
17836,47,1,102.71000000000001,3,1,1,5,0,At Risk
17837,42,8,1518.83,3,4,4,11,2,Loyal Customers
17838,27,5,2650.8,4,3,5,12,2,Loyal Customers
17839,42,1,295.35,3,1,2,6,3,Potential Loyalists
17841,2,124,39534.92,5,4,5,14,1,Champions
17843,303,1,200.68,1,1,1,3,0,At Risk
17846,85,1,2033.1,2,1,5,8,2,Loyal Customers
17848,81,9,901.2,2,4,4,10,2,Loyal Customers
17849,218,4,605.8000000000001,1,3,3,7,2,Loyal Customers
17850,372,34,5391.21,1,4,5,10,1,Champions
17852,12,2,114.34,5,1,1,7,3,Potential Loyalists
17854,185,2,311.26,1,1,2,4,0,At Risk
17855,373,1,208.97,1,1,1,3,0,At Risk
17856,2,4,1418.03,5,3,4,12,1,Champions
17857,4,23,26879.04,5,4,5,14,1,Champions
17858,6,12,5116.66,5,4,5,14,1,Champions
17859,305,1,141.92,1,1,1,3,0,At Risk
17860,369,1,213.3,1,1,1,3,0,At Risk
17861,3,8,2088.93,5,4,5,14,1,Champions
17862,324,1,330.9,1,1,2,4,0,At Risk
17863,59,6,3160.0,3,3,5,11,2,Loyal Customers
17864,13,3,504.59,5,2,3,10,3,Potential Loyalists
17865,31,20,10521.32,4,4,5,13,1,Champions
17866,143,1,329.65000000000003,2,1,2,5,0,At Risk
17867,30,6,1106.77,4,3,4,11,2,Loyal Customers
17869,107,5,428.18,2,3,2,7,2,Loyal Customers
17870,2,12,1785.5,5,4,4,13,1,Champions
17871,205,1,155.9,1,1,1,3,0,At Risk
17873,80,5,1838.76,2,3,4,9,2,Loyal Customers
17874,185,6,683.46,1,3,3,7,2,Loyal Customers
17877,170,1,237.61,2,1,2,5,0,At Risk
17878,44,1,379.45,3,1,2,6,3,Potential Loyalists
17879,174,1,178.52,2,1,1,4,0,At Risk
17880,365,1,458.92,1,1,2,4,0,At Risk
17881,304,1,133.35,1,1,1,3,0,At Risk
17883,3,4,621.71,5,3,3,11,3,Potential Loyalists
17884,4,4,686.67,5,3,3,11,3,Potential Loyalists
17885,12,1,152.54,5,1,1,7,3,Potential Loyalists
17886,32,3,867.1800000000001,4,2,3,9,2,Loyal Customers
17887,129,1,111.35,2,1,1,4,0,At Risk
17888,21,8,662.9,4,4,3,11,2,Loyal Customers
17889,212,2,201.37,1,1,1,3,0,At Risk
17890,323,2,584.79,1,1,3,5,0,At Risk
17891,162,1,203.85999999999999,2,1,1,4,0,At Risk
17892,56,3,244.1,3,2,2,7,3,Potential Loyalists
17893,225,1,107.21,1,1,1,3,0,At Risk
17894,72,8,1114.76,2,4,4,10,2,Loyal Customers
17895,44,1,95.45,3,1,1,5,0,At Risk
17896,23,1,256.32,4,1,2,7,3,Potential Loyalists
17897,173,3,519.3100000000001,2,2,3,7,0,At Risk
17898,85,2,152.06,2,1,1,4,0,At Risk
17899,159,1,148.35,2,1,1,4,0,At Risk
17900,190,2,112.19999999999999,1,1,1,3,0,At Risk
17901,29,1,110.38,4,1,1,6,3,Potential Loyalists
17904,21,1,178.57,4,1,1,6,3,Potential Loyalists
17905,71,4,798.99,3,3,3,9,2,Loyal Customers
17906,247,1,72.9,1,1,1,3,0,At Risk
17908,374,1,202.48,1,1,1,3,0,At Risk
17911,9,1,366.23,5,1,2,8,3,Potential Loyalists
17912,310,5,310.06,1,3,2,6,0,At Risk
17913,59,2,374.6,3,1,2,6,0,At Risk
17914,4,1,316.06,5,1,2,8,3,Potential Loyalists
17917,45,3,320.93,3,2,2,7,3,Potential Loyalists
17919,88,1,1304.04,2,1,4,7,2,Loyal Customers
17920,4,17,3971.38,5,4,5,14,1,Champions
17921,64,4,819.39,3,3,3,9,2,Loyal Customers
17923,282,1,207.50000000000003,1,1,1,3,0,At Risk
17924,12,7,2962.5,5,4,5,14,1,Champions
17925,373,1,244.08,1,1,2,4,0,At Risk
17926,133,2,397.29,2,1,2,5,0,At Risk
17928,45,2,212.54,3,1,1,5,3,Potential Loyalists
17929,11,4,843.0,5,3,3,11,3,Potential Loyalists
17930,36,5,1740.48,3,3,4,10,2,Loyal Customers
17931,134,2,402.46000000000004,2,1,2,5,0,At Risk
17932,29,3,1331.57,4,2,4,10,2,Loyal Customers
17934,52,2,704.25,3,1,3,7,2,Loyal Customers
17935,138,2,145.24,2,1,1,4,0,At Risk
17936,5,1,351.92,5,1,2,8,3,Potential Loyalists
17937,9,7,4301.22,5,4,5,14,1,Champions
17939,160,1,99.14,2,1,1,4,0,At Risk
17940,49,10,4020.04,3,4,5,12,1,Champions
17941,131,1,304.56,2,1,2,5,0,At Risk
17942,8,1,77.50000000000001,5,1,1,7,3,Potential Loyalists
17946,233,2,140.73,1,1,1,3,0,At Risk
17947,37,1,176.68,3,1,1,5,3,Potential Loyalists
17948,147,1,358.56000000000006,2,1,2,5,0,At Risk
17949,1,45,57396.88,5,4,5,14,1,Champions
17950,72,3,438.0,2,2,2,6,2,Loyal Customers
17951,40,3,1008.5400000000001,3,2,4,9,2,Loyal Customers
17954,5,12,2297.63,5,4,5,14,1,Champions
17955,199,4,557.3,1,3,3,7,2,Loyal Customers
17956,249,1,12.75,1,1,1,3,0,At Risk
17957,66,1,111.68,3,1,1,5,0,At Risk
17958,117,1,508.46000000000004,2,1,3,6,0,At Risk
17960,171,1,73.78,2,1,1,4,0,At Risk
17961,21,39,1288.94,4,4,4,12,1,Champions
17962,142,1,97.31,2,1,1,4,0,At Risk
17964,32,2,423.27,4,1,2,7,3,Potential Loyalists
17965,38,14,2596.67,3,4,5,12,1,Champions
17966,38,5,1098.43,3,3,4,10,2,Loyal Customers
17967,372,1,107.92,1,1,1,3,0,At Risk
17968,374,1,237.0,1,1,1,3,0,At Risk
17969,166,2,228.2,2,1,1,4,0,At Risk
17970,211,1,534.59,1,1,3,5,0,At Risk
17972,242,1,135.19,1,1,1,3,0,At Risk
17973,52,1,337.04,3,1,2,6,0,At Risk
17974,25,3,636.68,4,2,3,9,3,Potential Loyalists
17975,15,13,4452.81,4,4,5,13,1,Champions
17976,372,1,313.29,1,1,2,4,0,At Risk
17977,29,1,266.45,4,1,2,7,3,Potential Loyalists
17978,365,1,300.91999999999996,1,1,2,4,0,At Risk
17979,36,4,643.09,3,3,3,9,2,Loyal Customers
17980,166,3,811.45,2,2,3,7,2,Loyal Customers
17984,145,1,152.68,2,1,1,4,0,At Risk
17985,22,1,622.35,4,1,3,8,3,Potential Loyalists
17986,56,1,20.8,3,1,1,5,0,At Risk
17987,185,1,198.57,1,1,1,3,0,At Risk
17988,12,7,201.12,5,4,1,10,3,Potential Loyalists
17990,237,3,630.84,1,2,3,6,0,At Risk
17991,225,2,93.35,1,1,1,3,0,At Risk
17994,122,4,669.94,2,3,3,8,2,Loyal Customers
17995,282,1,76.1,1,1,1,3,0,At Risk
17997,74,8,1960.12,2,4,5,11,2,Loyal Customers
17999,37,2,375.04,3,1,2,6,3,Potential Loyalists
18001,12,2,384.53,5,1,2,8,3,Potential Loyalists
18004,362,1,139.52,1,1,1,3,0,At Risk
18005,4,2,222.72,5,1,1,7,3,Potential Loyalists
18006,23,1,436.18,4,1,2,7,3,Potential Loyalists
18008,70,9,2046.96,3,4,5,12,2,Loyal Customers
18009,235,1,247.39,1,1,2,4,0,At Risk
18010,257,1,174.8,1,1,1,3,0,At Risk
18011,373,1,102.78999999999999,1,1,1,3,0,At Risk
18013,155,2,187.29,2,1,1,4,0,At Risk
18014,28,1,159.67,4,1,1,6,3,Potential Loyalists
18015,4,1,120.03,5,1,1,7,3,Potential Loyalists
18016,32,5,1477.66,4,3,4,11,2,Loyal Customers
18017,81,3,523.0,2,2,3,7,2,Loyal Customers
18018,108,2,122.14,2,1,1,4,0,At Risk
18019,52,1,38.45,3,1,1,5,0,At Risk
18022,36,1,528.8,3,1,3,7,3,Potential Loyalists
18024,153,2,389.78,2,1,2,5,0,At Risk
18027,99,1,115.31,2,1,1,4,0,At Risk
18030,4,2,230.64999999999998,5,1,1,7,3,Potential Loyalists
18032,334,1,73.5,1,1,1,3,0,At Risk
18033,65,1,92.17,3,1,1,5,0,At Risk
18034,22,2,392.08,4,1,2,7,3,Potential Loyalists
18035,36,3,638.36,3,2,3,8,2,Loyal Customers
18036,32,3,395.81,4,2,2,8,3,Potential Loyalists
18037,154,6,70.02,2,3,1,6,0,At Risk
18040,19,2,357.20000000000005,4,1,2,7,3,Potential Loyalists
18041,12,21,4012.7,5,4,5,14,1,Champions
18042,54,1,165.04999999999998,3,1,1,5,0,At Risk
18043,25,3,511.09,4,2,3,9,3,Potential Loyalists
18044,4,10,2088.6,5,4,5,14,1,Champions
18045,45,1,178.34,3,1,1,5,0,At Risk
18048,203,2,172.29000000000002,1,1,1,3,0,At Risk
18050,359,1,74.4,1,1,1,3,0,At Risk
18053,71,1,300.02,3,1,2,6,0,At Risk
18055,7,10,6700.34,5,4,5,14,1,Champions
18056,288,1,363.65,1,1,2,4,0,At Risk
18058,10,1,170.16,5,1,1,7,3,Potential Loyalists
18059,23,3,306.46,4,2,2,8,3,Potential Loyalists
18061,22,10,2119.41,4,4,5,13,1,Champions
18062,173,3,720.52,2,2,3,7,2,Loyal Customers
18064,133,2,814.0,2,1,3,6,0,At Risk
18065,6,14,2392.83,5,4,5,14,1,Champions
18066,75,1,318.0,2,1,2,5,0,At Risk
18067,40,1,375.93,3,1,2,6,3,Potential Loyalists
18068,289,1,101.7,1,1,1,3,0,At Risk
18069,26,5,1988.09,4,3,5,12,2,Loyal Customers
18071,258,2,453.0,1,1,2,4,0,At Risk
18072,186,1,247.44,1,1,2,4,0,At Risk
18073,114,12,3707.1800000000003,2,4,5,11,2,Loyal Customers
18074,374,1,489.6,1,1,3,5,0,At Risk
18075,23,10,2611.75,4,4,5,13,1,Champions
18077,8,11,2569.66,5,4,5,14,1,Champions
18078,217,2,336.13,1,1,2,4,0,At Risk
18079,45,4,3480.43,3,3,5,11,2,Loyal Customers
18080,19,2,1231.5,4,1,4,9,3,Potential Loyalists
18081,36,3,343.45,3,2,2,7,3,Potential Loyalists
18082,26,1,606.47,4,1,3,8,3,Potential Loyalists
18084,16,1,90.48,4,1,1,6,3,Potential Loyalists
18085,330,2,689.95,1,1,3,5,0,At Risk
18086,274,1,101.34,1,1,1,3,0,At Risk
18087,98,2,4055.7200000000003,2,1,5,8,2,Loyal Customers
18088,61,1,164.18,3,1,1,5,0,At Risk
18092,2,11,9068.26,5,4,5,14,1,Champions
18093,93,4,2106.52,2,3,5,10,2,Loyal Customers
18094,82,7,3017.3,2,4,5,11,2,Loyal Customers
18095,312,2,580.05,1,1,3,5,0,At Risk
18096,12,3,766.17,5,2,3,10,3,Potential Loyalists
18097,8,6,2662.4,5,3,5,13,1,Champions
18099,127,1,168.31,2,1,1,4,0,At Risk
18101,11,2,214.85,5,1,1,7,3,Potential Loyalists
18102,1,60,259657.3,5,4,5,14,1,Champions
18104,37,1,754.64,3,1,3,7,3,Potential Loyalists
18105,38,1,113.48000000000002,3,1,1,5,0,At Risk
18106,330,1,378.85,1,1,2,4,0,At Risk
18108,254,1,271.0,1,1,2,4,0,At Risk
18109,2,26,7954.27,5,4,5,14,1,Champions
18110,20,1,165.7,4,1,1,6,3,Potential Loyalists
18112,12,2,352.69,5,1,2,8,3,Potential Loyalists
18113,369,1,76.32000000000001,1,1,1,3,0,At Risk
18114,290,1,220.1,1,1,1,3,0,At Risk
18116,68,8,1398.23,3,4,4,11,2,Loyal Customers
18117,26,1,299.46999999999997,4,1,2,7,3,Potential Loyalists
18118,11,26,5585.2300000000005,5,4,5,14,1,Champions
18119,368,1,180.7,1,1,1,3,0,At Risk
18120,214,1,111.15,1,1,1,3,0,At Risk
18121,149,2,645.8000000000001,2,1,3,6,0,At Risk
18122,8,6,1702.58,5,3,4,12,1,Champions
18123,24,2,574.4399999999999,4,1,3,8,3,Potential Loyalists
18125,30,4,1119.5,4,3,4,11,2,Loyal Customers
18126,61,1,200.92,3,1,1,5,0,At Risk
18127,19,3,339.93,4,2,2,8,3,Potential Loyalists
18129,243,1,103.7,1,1,1,3,0,At Risk
18130,15,3,1059.39,4,2,4,10,3,Potential Loyalists
18133,212,1,931.5,1,1,4,6,0,At Risk
18135,29,5,680.26,4,3,3,10,2,Loyal Customers
18136,63,3,784.33,3,2,3,8,2,Loyal Customers
18138,295,1,152.65,1,1,1,3,0,At Risk
18139,18,6,8438.34,4,3,5,12,1,Champions
18142,157,2,1019.52,2,1,4,7,2,Loyal Customers
18143,117,2,1000.16,2,1,4,7,2,Loyal Customers
18144,8,12,2888.75,5,4,5,14,1,Champions
18145,13,4,2840.37,5,3,5,13,2,Loyal Customers
18146,141,2,160.35,2,1,1,4,0,At Risk
18147,46,2,179.34,3,1,1,5,0,At Risk
18149,51,3,612.0799999999999,3,2,3,8,2,Loyal Customers
18150,32,3,566.58,4,2,3,9,3,Potential Loyalists
18151,135,2,653.35,2,1,3,6,0,At Risk
18154,3,2,399.19,5,1,2,8,3,Potential Loyalists
18155,75,3,371.62,2,2,2,6,0,At Risk
18156,13,2,651.94,5,1,3,9,3,Potential Loyalists
18158,9,2,453.4,5,1,2,8,3,Potential Loyalists
18159,301,1,530.15,1,1,3,5,0,At Risk
18160,57,2,638.0600000000001,3,1,3,7,2,Loyal Customers
18161,15,5,1618.69,4,3,4,11,2,Loyal Customers
18164,37,1,399.65,3,1,2,6,3,Potential Loyalists
18165,177,1,302.46,2,1,2,5,0,At Risk
18167,23,3,1384.8600000000001,4,2,4,10,2,Loyal Customers
18168,176,6,1150.04,2,3,4,9,2,Loyal Customers
18169,61,1,202.65,3,1,1,5,0,At Risk
18170,33,3,980.3100000000001,4,2,4,10,2,Loyal Customers
18171,59,5,1231.31,3,3,4,10,2,Loyal Customers
18172,15,20,7561.68,4,4,5,13,1,Champions
18173,87,4,2106.84,2,3,5,10,2,Loyal Customers
18174,7,1,104.0,5,1,1,7,3,Potential Loyalists
18176,358,1,476.35,1,1,3,5,0,At Risk
18177,31,6,1340.8700000000001,4,3,4,11,2,Loyal Customers
18178,129,4,1590.81,2,3,4,9,2,Loyal Customers
18179,9,6,1793.17,5,3,4,12,1,Champions
18180,5,6,1843.75,5,3,4,12,1,Champions
18181,24,1,342.1,4,1,2,7,3,Potential Loyalists
18183,227,2,632.07,1,1,3,5,0,At Risk
18184,15,1,49.8,4,1,1,6,3,Potential Loyalists
18185,249,1,304.25,1,1,2,4,0,At Risk
18188,15,3,2001.04,4,2,5,11,2,Loyal Customers
18189,78,2,1090.24,2,1,4,7,2,Loyal Customers
18190,192,2,284.46000000000004,1,1,2,4,0,At Risk
18191,262,1,207.8,1,1,1,3,0,At Risk
18192,72,1,957.97,2,1,4,7,0,At Risk
18193,165,1,243.76,2,1,2,5,0,At Risk
18194,82,1,973.84,2,1,4,7,0,At Risk
18196,95,2,686.63,2,1,3,6,0,At Risk
18198,4,17,5395.860000000001,5,4,5,14,1,Champions
18200,106,1,148.69,2,1,1,4,0,At Risk
18202,200,3,1396.99,1,2,4,7,2,Loyal Customers
18203,157,1,160.42000000000002,2,1,1,4,0,At Risk
18204,71,3,1887.54,3,2,4,9,2,Loyal Customers
18205,36,2,517.36,3,1,3,7,3,Potential Loyalists
18209,29,1,139.10000000000002,4,1,1,6,3,Potential Loyalists
18210,2,6,2621.38,5,3,5,13,1,Champions
18211,26,5,600.07,4,3,3,10,2,Loyal Customers
18212,326,1,208.92000000000002,1,1,1,3,0,At Risk
18213,237,1,232.48000000000002,1,1,1,3,0,At Risk
18215,89,1,299.34000000000003,2,1,2,5,0,At Risk
18216,31,1,481.75,4,1,3,8,3,Potential Loyalists
18217,29,2,621.75,4,1,3,8,3,Potential Loyalists
18218,211,2,641.92,1,1,3,5,0,At Risk
18219,3,10,2069.77,5,4,5,14,1,Champions
18220,227,1,305.28,1,1,2,4,0,At Risk
18221,22,5,1041.61,4,3,4,11,2,Loyal Customers
18222,93,1,443.0,2,1,2,5,0,At Risk
18223,5,14,6484.54,5,4,5,14,1,Champions
18224,264,1,158.95000000000002,1,1,1,3,0,At Risk
18225,3,12,5490.900000000001,5,4,5,14,1,Champions
18226,44,11,5228.05,3,4,5,12,1,Champions
18227,218,1,93.75,1,1,1,3,0,At Risk
18228,57,2,779.9,3,1,3,7,2,Loyal Customers
18229,12,20,7276.9,5,4,5,14,1,Champions
18230,9,7,2810.2000000000003,5,4,5,14,1,Champions
18231,192,5,1910.56,1,3,4,8,2,Loyal Customers
18232,82,4,592.97,2,3,3,8,2,Loyal Customers
18233,326,1,440.0,1,1,2,4,0,At Risk
18235,72,3,1796.48,2,2,4,8,2,Loyal Customers
18236,30,6,882.24,4,3,3,10,2,Loyal Customers
18237,3,5,987.1,5,3,4,12,1,Champions
18239,219,5,1561.6100000000001,1,3,4,8,2,Loyal Customers
18240,46,1,422.58,3,1,2,6,3,Potential Loyalists
18241,10,17,2073.09,5,4,5,14,1,Champions
18242,72,4,2232.4900000000002,2,3,5,10,2,Loyal Customers
18245,7,7,2567.06,5,4,5,14,1,Champions
18246,24,2,596.1,4,1,3,8,3,Potential Loyalists
18248,123,2,804.02,2,1,3,6,2,Loyal Customers
18249,17,1,95.34,4,1,1,6,3,Potential Loyalists
18250,310,1,349.27,1,1,2,4,0,At Risk
18251,87,1,4314.72,2,1,5,8,2,Loyal Customers
18252,51,2,497.71,3,1,3,7,3,Potential Loyalists
18255,89,1,103.30000000000001,2,1,1,4,0,At Risk
18257,39,8,2337.63,3,4,5,12,2,Loyal Customers
18259,25,3,2338.6,4,2,5,11,2,Loyal Customers
18260,173,6,2628.35,2,3,5,10,2,Loyal Customers
18261,43,2,324.24,3,1,2,6,3,Potential Loyalists
18262,140,1,149.48,2,1,1,4,0,At Risk
18263,26,3,1213.16,4,2,4,10,2,Loyal Customers
18265,72,2,801.51,2,1,3,6,2,Loyal Customers
18268,134,1,25.5,2,1,1,4,0,At Risk
18269,366,1,168.60000000000002,1,1,1,3,0,At Risk
18270,38,2,283.15000000000003,3,1,2,6,3,Potential Loyalists
18272,3,6,3078.58,5,3,5,13,1,Champions
18273,2,3,204.0,5,2,1,8,3,Potential Loyalists
18274,30,1,175.92,4,1,1,6,3,Potential Loyalists
18276,44,1,335.86,3,1,2,6,3,Potential Loyalists
18277,58,1,110.38,3,1,1,5,0,At Risk
18278,74,1,173.9,2,1,1,4,0,At Risk
18280,278,1,180.60000000000002,1,1,1,3,0,At Risk
18281,181,1,80.82,1,1,1,3,0,At Risk
18282,8,2,178.05,5,1,1,7,3,Potential Loyalists
18283,4,16,1970.28,5,4,5,14,1,Champions
18287,43,3,1797.68,3,2,4,9,2,Loyal Customers
